QSFP_Port,QSFP_Lane,Quad,TX_Lane,TX_PN_Swap,RX_Lane,RX_PN_Swap,TX_Attn_Cu_0.5m,TX_Pre_Cu_0.5m,TX_Post_Cu_0.5m,TX_Attn_Cu_1m,TX_Pre_Cu_1m,TX_Post_Cu_1m,TX_Attn_Cu_2m,TX_Pre_Cu_2m,TX_Post_Cu_2m,TX_Attn_Cu_3m,TX_Pre_Cu_3m,TX_Post_Cu_3m,TX_Attn_Cu_Loop_0dB,TX_Pre_Cu_Loop_0dB,TX_Post_Cu_Loop_0dB,TX_Attn_Opt,TX_Pre_Opt,TX_Post_Opt,Repeater,Egress_Repeater,Egress_Repeater_I2C_Addr,Egress_Repeater_Lane,Ingress_Repeater,Ingress_Repeater_I2C_Addr,Ingress_Repeater_Lane,Egress_EQ_BST1_Cu_0.5m,Egress_EQ_BST2_Cu_0.5m,Egress_EQ_BW_Cu_0.5m,Egress_EQ_BST_BYPASS_Cu_0.5m,Egress_VOD_Cu_0.5m,Egress_RegF_Cu_0.5m,Egress_EQ_HG_Cu_0.5m,Ingress_EQ_BST1_Cu_0.5m,Ingress_EQ_BST2_Cu_0.5m,Ingress_EQ_BW_Cu_0.5m,Ingress_EQ_BST_BYPASS_Cu_0.5m,Ingress_VOD_Cu_0.5m,Ingress_RegF_Cu_0.5m,Ingress_EQ_HG_Cu_0.5m,Egress_EQ_BST1_Cu_1m,Egress_EQ_BST2_Cu_1m,Egress_EQ_BW_Cu_1m,Egress_EQ_BST_BYPASS_Cu_1m,Egress_VOD_Cu_1m,Egress_RegF_Cu_1m,Egress_EQ_HG_Cu_1m,Ingress_EQ_BST1_Cu_1m,Ingress_EQ_BST2_Cu_1m,Ingress_EQ_BW_Cu_1m,Ingress_EQ_BST_BYPASS_Cu_1m,Ingress_VOD_Cu_1m,Ingress_RegF_Cu_1m,Ingress_EQ_HG_Cu_1m,Egress_EQ_BST1_Cu_2m,Egress_EQ_BST2_Cu_2m,Egress_EQ_BW_Cu_2m,Egress_EQ_BST_BYPASS_Cu_2m,Egress_VOD_Cu_2m,Egress_RegF_Cu_2m,Egress_EQ_HG_Cu_2m,Ingress_EQ_BST1_Cu_2m,Ingress_EQ_BST2_Cu_2m,Ingress_EQ_BW_Cu_2m,Ingress_EQ_BST_BYPASS_Cu_2m,Ingress_VOD_Cu_2m,Ingress_RegF_Cu_2m,Ingress_EQ_HG_Cu_2m,Egress_EQ_BST1_Cu_3m,Egress_EQ_BST2_Cu_3m,Egress_EQ_BW_Cu_3m,Egress_EQ_BST_BYPASS_Cu_3m,Egress_VOD_Cu_3m,Egress_RegF_Cu_3m,Egress_EQ_HG_Cu_3m,Ingress_EQ_BST1_Cu_3m,Ingress_EQ_BST2_Cu_3m,Ingress_EQ_BW_Cu_3m,Ingress_EQ_BST_BYPASS_Cu_3m,Ingress_VOD_Cu_3m,Ingress_RegF_Cu_3m,Ingress_EQ_HG_Cu_3m,Egress_EQ_BST1_Cu_Loop_0dB,Egress_EQ_BST2_Cu_Loop_0dB,Egress_EQ_BW_Cu_Loop_0dB,Egress_EQ_BST_BYPASS_Cu_Loop_0dB,Egress_VOD_Cu_Loop_0dB,Egress_RegF_Cu_Loop_0dB,Egress_EQ_HG_Cu_Loop_0dB,Ingress_EQ_BST1_Cu_Loop_0dB,Ingress_EQ_BST2_Cu_Loop_0dB,Ingress_EQ_BW_Cu_Loop_0dB,Ingress_EQ_BST_BYPASS_Cu_Loop_0dB,Ingress_VOD_Cu_Loop_0dB,Ingress_RegF_Cu_Loop_0dB,Ingress_EQ_HG_Cu_Loop_0dB,Egress_EQ_BST1_Opt,Egress_EQ_BST2_Opt,Egress_EQ_BW_Opt,Egress_EQ_BST_BYPASS_Opt,Egress_VOD_Opt,Egress_RegF_Opt,Egress_EQ_HG_Opt,Ingress_EQ_BST1_Opt,Ingress_EQ_BST2_Opt,Ingress_EQ_BW_Opt,Ingress_EQ_BST_BYPASS_Opt,Ingress_VOD_Opt,Ingress_RegF_Opt,Ingress_EQ_HG_Opt
1,0,31,2,N,2,N,0,6,0,0,6,0,0,6,0,0,6,0,0,6,0,0,3,16,No,,,,,,,,,,,,,,,,,,,,,,,,,,,,,,,,,,,,,,,,,,,,,,,,,,,,,,,,,,,,,,,,,,,,,,,,,,,,,,,,,,,,,,,,,,
,1,,3,Y,3,N,0,6,0,0,6,0,0,6,0,0,6,0,0,6,0,0,3,16,No,,,,,,,,,,,,,,,,,,,,,,,,,,,,,,,,,,,,,,,,,,,,,,,,,,,,,,,,,,,,,,,,,,,,,,,,,,,,,,,,,,,,,,,,,,
,2,,0,N,0,Y,0,6,0,0,6,0,0,6,0,0,6,0,0,6,0,0,3,16,No,,,,,,,,,,,,,,,,,,,,,,,,,,,,,,,,,,,,,,,,,,,,,,,,,,,,,,,,,,,,,,,,,,,,,,,,,,,,,,,,,,,,,,,,,,
,3,,1,Y,1,N,0,6,0,0,6,0,0,6,0,0,6,0,0,6,0,0,3,16,No,,,,,,,,,,,,,,,,,,,,,,,,,,,,,,,,,,,,,,,,,,,,,,,,,,,,,,,,,,,,,,,,,,,,,,,,,,,,,,,,,,,,,,,,,,
2,0,30,2,N,2,N,0,6,0,0,6,0,0,6,0,0,6,0,0,6,0,0,3,16,No,,,,,,,,,,,,,,,,,,,,,,,,,,,,,,,,,,,,,,,,,,,,,,,,,,,,,,,,,,,,,,,,,,,,,,,,,,,,,,,,,,,,,,,,,,
,1,,3,Y,3,N,0,6,0,0,6,0,0,6,0,0,6,0,0,6,0,0,3,16,No,,,,,,,,,,,,,,,,,,,,,,,,,,,,,,,,,,,,,,,,,,,,,,,,,,,,,,,,,,,,,,,,,,,,,,,,,,,,,,,,,,,,,,,,,,
,2,,0,N,0,N,0,6,0,0,6,0,0,6,0,0,6,0,0,6,0,0,3,16,No,,,,,,,,,,,,,,,,,,,,,,,,,,,,,,,,,,,,,,,,,,,,,,,,,,,,,,,,,,,,,,,,,,,,,,,,,,,,,,,,,,,,,,,,,,
,3,,1,Y,1,N,0,6,0,0,6,0,0,6,0,0,6,0,0,6,0,0,3,16,No,,,,,,,,,,,,,,,,,,,,,,,,,,,,,,,,,,,,,,,,,,,,,,,,,,,,,,,,,,,,,,,,,,,,,,,,,,,,,,,,,,,,,,,,,,
3,0,29,1,N,1,N,0,6,0,0,6,0,0,6,0,0,6,0,0,6,0,0,3,14,No,,,,,,,,,,,,,,,,,,,,,,,,,,,,,,,,,,,,,,,,,,,,,,,,,,,,,,,,,,,,,,,,,,,,,,,,,,,,,,,,,,,,,,,,,,
,1,,3,Y,3,N,0,6,0,0,6,0,0,6,0,0,6,0,0,6,0,0,3,14,No,,,,,,,,,,,,,,,,,,,,,,,,,,,,,,,,,,,,,,,,,,,,,,,,,,,,,,,,,,,,,,,,,,,,,,,,,,,,,,,,,,,,,,,,,,
,2,,2,Y,2,N,0,6,0,0,6,0,0,6,0,0,6,0,0,6,0,0,3,14,No,,,,,,,,,,,,,,,,,,,,,,,,,,,,,,,,,,,,,,,,,,,,,,,,,,,,,,,,,,,,,,,,,,,,,,,,,,,,,,,,,,,,,,,,,,
,3,,0,Y,0,N,0,6,0,0,6,0,0,6,0,0,6,0,0,6,0,0,3,14,No,,,,,,,,,,,,,,,,,,,,,,,,,,,,,,,,,,,,,,,,,,,,,,,,,,,,,,,,,,,,,,,,,,,,,,,,,,,,,,,,,,,,,,,,,,
4,0,28,3,Y,3,N,0,6,0,0,6,0,0,6,0,0,6,0,0,6,0,0,3,14,No,,,,,,,,,,,,,,,,,,,,,,,,,,,,,,,,,,,,,,,,,,,,,,,,,,,,,,,,,,,,,,,,,,,,,,,,,,,,,,,,,,,,,,,,,,
,1,,2,Y,2,N,0,6,0,0,6,0,0,6,0,0,6,0,0,6,0,0,3,14,No,,,,,,,,,,,,,,,,,,,,,,,,,,,,,,,,,,,,,,,,,,,,,,,,,,,,,,,,,,,,,,,,,,,,,,,,,,,,,,,,,,,,,,,,,,
,2,,1,Y,1,N,0,6,0,0,6,0,0,6,0,0,6,0,0,6,0,0,3,14,No,,,,,,,,,,,,,,,,,,,,,,,,,,,,,,,,,,,,,,,,,,,,,,,,,,,,,,,,,,,,,,,,,,,,,,,,,,,,,,,,,,,,,,,,,,
,3,,0,Y,0,N,0,6,0,0,6,0,0,6,0,0,6,0,0,6,0,0,3,14,No,,,,,,,,,,,,,,,,,,,,,,,,,,,,,,,,,,,,,,,,,,,,,,,,,,,,,,,,,,,,,,,,,,,,,,,,,,,,,,,,,,,,,,,,,,
5,0,27,2,N,2,Y,0,6,0,0,6,0,0,6,0,0,6,0,0,6,0,0,2,12,No,,,,,,,,,,,,,,,,,,,,,,,,,,,,,,,,,,,,,,,,,,,,,,,,,,,,,,,,,,,,,,,,,,,,,,,,,,,,,,,,,,,,,,,,,,
,1,,3,Y,3,N,0,6,0,0,6,0,0,6,0,0,6,0,0,6,0,0,2,12,No,,,,,,,,,,,,,,,,,,,,,,,,,,,,,,,,,,,,,,,,,,,,,,,,,,,,,,,,,,,,,,,,,,,,,,,,,,,,,,,,,,,,,,,,,,
,2,,0,Y,0,N,0,6,0,0,6,0,0,6,0,0,6,0,0,6,0,0,2,12,No,,,,,,,,,,,,,,,,,,,,,,,,,,,,,,,,,,,,,,,,,,,,,,,,,,,,,,,,,,,,,,,,,,,,,,,,,,,,,,,,,,,,,,,,,,
,3,,1,Y,1,N,0,6,0,0,6,0,0,6,0,0,6,0,0,6,0,0,2,12,No,,,,,,,,,,,,,,,,,,,,,,,,,,,,,,,,,,,,,,,,,,,,,,,,,,,,,,,,,,,,,,,,,,,,,,,,,,,,,,,,,,,,,,,,,,
6,0,26,2,Y,2,N,0,6,0,0,6,0,0,6,0,0,6,0,0,6,0,0,2,12,No,,,,,,,,,,,,,,,,,,,,,,,,,,,,,,,,,,,,,,,,,,,,,,,,,,,,,,,,,,,,,,,,,,,,,,,,,,,,,,,,,,,,,,,,,,
,1,,3,Y,3,N,0,6,0,0,6,0,0,6,0,0,6,0,0,6,0,0,2,12,No,,,,,,,,,,,,,,,,,,,,,,,,,,,,,,,,,,,,,,,,,,,,,,,,,,,,,,,,,,,,,,,,,,,,,,,,,,,,,,,,,,,,,,,,,,
,2,,0,Y,0,Y,0,6,0,0,6,0,0,6,0,0,6,0,0,6,0,0,2,12,No,,,,,,,,,,,,,,,,,,,,,,,,,,,,,,,,,,,,,,,,,,,,,,,,,,,,,,,,,,,,,,,,,,,,,,,,,,,,,,,,,,,,,,,,,,
,3,,1,Y,1,Y,0,6,0,0,6,0,0,6,0,0,6,0,0,6,0,0,2,12,No,,,,,,,,,,,,,,,,,,,,,,,,,,,,,,,,,,,,,,,,,,,,,,,,,,,,,,,,,,,,,,,,,,,,,,,,,,,,,,,,,,,,,,,,,,
7,0,25,3,Y,3,Y,0,6,0,0,6,0,0,6,0,0,6,0,0,6,0,0,2,12,No,,,,,,,,,,,,,,,,,,,,,,,,,,,,,,,,,,,,,,,,,,,,,,,,,,,,,,,,,,,,,,,,,,,,,,,,,,,,,,,,,,,,,,,,,,
,1,,2,N,2,N,0,6,0,0,6,0,0,6,0,0,6,0,0,6,0,0,2,12,No,,,,,,,,,,,,,,,,,,,,,,,,,,,,,,,,,,,,,,,,,,,,,,,,,,,,,,,,,,,,,,,,,,,,,,,,,,,,,,,,,,,,,,,,,,
,2,,0,N,0,N,0,6,0,0,6,0,0,6,0,0,6,0,0,6,0,0,2,12,No,,,,,,,,,,,,,,,,,,,,,,,,,,,,,,,,,,,,,,,,,,,,,,,,,,,,,,,,,,,,,,,,,,,,,,,,,,,,,,,,,,,,,,,,,,
,3,,1,N,1,N,0,6,0,0,6,0,0,6,0,0,6,0,0,6,0,0,2,12,No,,,,,,,,,,,,,,,,,,,,,,,,,,,,,,,,,,,,,,,,,,,,,,,,,,,,,,,,,,,,,,,,,,,,,,,,,,,,,,,,,,,,,,,,,,
8,0,24,2,N,2,N,0,6,0,0,6,0,0,6,0,0,6,0,0,6,0,0,2,12,No,,,,,,,,,,,,,,,,,,,,,,,,,,,,,,,,,,,,,,,,,,,,,,,,,,,,,,,,,,,,,,,,,,,,,,,,,,,,,,,,,,,,,,,,,,
,1,,3,N,3,N,0,6,0,0,6,0,0,6,0,0,6,0,0,6,0,0,2,12,No,,,,,,,,,,,,,,,,,,,,,,,,,,,,,,,,,,,,,,,,,,,,,,,,,,,,,,,,,,,,,,,,,,,,,,,,,,,,,,,,,,,,,,,,,,
,2,,1,N,1,N,0,6,0,0,6,0,0,6,0,0,6,0,0,6,0,0,2,12,No,,,,,,,,,,,,,,,,,,,,,,,,,,,,,,,,,,,,,,,,,,,,,,,,,,,,,,,,,,,,,,,,,,,,,,,,,,,,,,,,,,,,,,,,,,
,3,,0,N,0,Y,0,6,0,0,6,0,0,6,0,0,6,0,0,6,0,0,2,12,No,,,,,,,,,,,,,,,,,,,,,,,,,,,,,,,,,,,,,,,,,,,,,,,,,,,,,,,,,,,,,,,,,,,,,,,,,,,,,,,,,,,,,,,,,,
9,0,23,3,Y,3,N,0,6,0,0,6,0,0,6,0,0,6,0,0,6,0,2,2,12,No,,,,,,,,,,,,,,,,,,,,,,,,,,,,,,,,,,,,,,,,,,,,,,,,,,,,,,,,,,,,,,,,,,,,,,,,,,,,,,,,,,,,,,,,,,
,1,,1,N,1,N,0,6,0,0,6,0,0,6,0,0,6,0,0,6,0,2,2,12,No,,,,,,,,,,,,,,,,,,,,,,,,,,,,,,,,,,,,,,,,,,,,,,,,,,,,,,,,,,,,,,,,,,,,,,,,,,,,,,,,,,,,,,,,,,
,2,,2,N,2,N,0,6,0,0,6,0,0,6,0,0,6,0,0,6,0,2,2,12,No,,,,,,,,,,,,,,,,,,,,,,,,,,,,,,,,,,,,,,,,,,,,,,,,,,,,,,,,,,,,,,,,,,,,,,,,,,,,,,,,,,,,,,,,,,
,3,,0,N,0,Y,0,6,0,0,6,0,0,6,0,0,6,0,0,6,0,2,2,12,No,,,,,,,,,,,,,,,,,,,,,,,,,,,,,,,,,,,,,,,,,,,,,,,,,,,,,,,,,,,,,,,,,,,,,,,,,,,,,,,,,,,,,,,,,,
10,0,22,3,N,3,N,0,6,0,0,6,0,0,6,0,0,6,0,0,6,0,2,2,12,No,,,,,,,,,,,,,,,,,,,,,,,,,,,,,,,,,,,,,,,,,,,,,,,,,,,,,,,,,,,,,,,,,,,,,,,,,,,,,,,,,,,,,,,,,,
,1,,2,N,2,Y,0,6,0,0,6,0,0,6,0,0,6,0,0,6,0,2,2,12,No,,,,,,,,,,,,,,,,,,,,,,,,,,,,,,,,,,,,,,,,,,,,,,,,,,,,,,,,,,,,,,,,,,,,,,,,,,,,,,,,,,,,,,,,,,
,2,,0,N,0,N,0,6,0,0,6,0,0,6,0,0,6,0,0,6,0,2,2,12,No,,,,,,,,,,,,,,,,,,,,,,,,,,,,,,,,,,,,,,,,,,,,,,,,,,,,,,,,,,,,,,,,,,,,,,,,,,,,,,,,,,,,,,,,,,
,3,,1,N,1,N,0,6,0,0,6,0,0,6,0,0,6,0,0,6,0,2,2,12,No,,,,,,,,,,,,,,,,,,,,,,,,,,,,,,,,,,,,,,,,,,,,,,,,,,,,,,,,,,,,,,,,,,,,,,,,,,,,,,,,,,,,,,,,,,
11,0,21,2,N,2,N,0,6,0,0,6,0,0,6,0,0,6,0,0,6,0,2,2,12,No,,,,,,,,,,,,,,,,,,,,,,,,,,,,,,,,,,,,,,,,,,,,,,,,,,,,,,,,,,,,,,,,,,,,,,,,,,,,,,,,,,,,,,,,,,
,1,,3,N,3,N,0,6,0,0,6,0,0,6,0,0,6,0,0,6,0,2,2,12,No,,,,,,,,,,,,,,,,,,,,,,,,,,,,,,,,,,,,,,,,,,,,,,,,,,,,,,,,,,,,,,,,,,,,,,,,,,,,,,,,,,,,,,,,,,
,2,,1,N,1,Y,0,6,0,0,6,0,0,6,0,0,6,0,0,6,0,2,2,12,No,,,,,,,,,,,,,,,,,,,,,,,,,,,,,,,,,,,,,,,,,,,,,,,,,,,,,,,,,,,,,,,,,,,,,,,,,,,,,,,,,,,,,,,,,,
,3,,0,N,0,N,0,6,0,0,6,0,0,6,0,0,6,0,0,6,0,2,2,12,No,,,,,,,,,,,,,,,,,,,,,,,,,,,,,,,,,,,,,,,,,,,,,,,,,,,,,,,,,,,,,,,,,,,,,,,,,,,,,,,,,,,,,,,,,,
12,0,20,2,N,2,N,0,6,0,0,6,0,0,6,0,0,6,0,0,6,0,2,2,12,No,,,,,,,,,,,,,,,,,,,,,,,,,,,,,,,,,,,,,,,,,,,,,,,,,,,,,,,,,,,,,,,,,,,,,,,,,,,,,,,,,,,,,,,,,,
,1,,3,N,3,N,0,6,0,0,6,0,0,6,0,0,6,0,0,6,0,2,2,12,No,,,,,,,,,,,,,,,,,,,,,,,,,,,,,,,,,,,,,,,,,,,,,,,,,,,,,,,,,,,,,,,,,,,,,,,,,,,,,,,,,,,,,,,,,,
,2,,0,N,0,Y,0,6,0,0,6,0,0,6,0,0,6,0,0,6,0,2,2,12,No,,,,,,,,,,,,,,,,,,,,,,,,,,,,,,,,,,,,,,,,,,,,,,,,,,,,,,,,,,,,,,,,,,,,,,,,,,,,,,,,,,,,,,,,,,
,3,,1,N,1,Y,0,6,0,0,6,0,0,6,0,0,6,0,0,6,0,2,2,12,No,,,,,,,,,,,,,,,,,,,,,,,,,,,,,,,,,,,,,,,,,,,,,,,,,,,,,,,,,,,,,,,,,,,,,,,,,,,,,,,,,,,,,,,,,,
13,0,19,2,Y,2,N,0,6,0,0,6,0,0,6,0,0,6,0,0,6,0,4,2,10,No,,,,,,,,,,,,,,,,,,,,,,,,,,,,,,,,,,,,,,,,,,,,,,,,,,,,,,,,,,,,,,,,,,,,,,,,,,,,,,,,,,,,,,,,,,
,1,,0,N,0,N,0,6,0,0,6,0,0,6,0,0,6,0,0,6,0,4,2,10,No,,,,,,,,,,,,,,,,,,,,,,,,,,,,,,,,,,,,,,,,,,,,,,,,,,,,,,,,,,,,,,,,,,,,,,,,,,,,,,,,,,,,,,,,,,
,2,,3,N,3,Y,0,6,0,0,6,0,0,6,0,0,6,0,0,6,0,4,2,10,No,,,,,,,,,,,,,,,,,,,,,,,,,,,,,,,,,,,,,,,,,,,,,,,,,,,,,,,,,,,,,,,,,,,,,,,,,,,,,,,,,,,,,,,,,,
,3,,1,N,1,N,0,6,0,0,6,0,0,6,0,0,6,0,0,6,0,4,2,10,No,,,,,,,,,,,,,,,,,,,,,,,,,,,,,,,,,,,,,,,,,,,,,,,,,,,,,,,,,,,,,,,,,,,,,,,,,,,,,,,,,,,,,,,,,,
14,0,18,2,N,2,N,0,6,0,0,6,0,0,6,0,0,6,0,0,6,0,4,2,10,No,,,,,,,,,,,,,,,,,,,,,,,,,,,,,,,,,,,,,,,,,,,,,,,,,,,,,,,,,,,,,,,,,,,,,,,,,,,,,,,,,,,,,,,,,,
,1,,3,N,3,N,0,6,0,0,6,0,0,6,0,0,6,0,0,6,0,4,2,10,No,,,,,,,,,,,,,,,,,,,,,,,,,,,,,,,,,,,,,,,,,,,,,,,,,,,,,,,,,,,,,,,,,,,,,,,,,,,,,,,,,,,,,,,,,,
,2,,0,Y,0,N,0,6,0,0,6,0,0,6,0,0,6,0,0,6,0,4,2,10,No,,,,,,,,,,,,,,,,,,,,,,,,,,,,,,,,,,,,,,,,,,,,,,,,,,,,,,,,,,,,,,,,,,,,,,,,,,,,,,,,,,,,,,,,,,
,3,,1,N,1,N,0,6,0,0,6,0,0,6,0,0,6,0,0,6,0,4,2,10,No,,,,,,,,,,,,,,,,,,,,,,,,,,,,,,,,,,,,,,,,,,,,,,,,,,,,,,,,,,,,,,,,,,,,,,,,,,,,,,,,,,,,,,,,,,
15,0,17,2,Y,2,Y,0,6,0,0,6,0,0,6,0,0,6,0,0,6,0,4,2,8,No,,,,,,,,,,,,,,,,,,,,,,,,,,,,,,,,,,,,,,,,,,,,,,,,,,,,,,,,,,,,,,,,,,,,,,,,,,,,,,,,,,,,,,,,,,
,1,,3,N,3,N,0,6,0,0,6,0,0,6,0,0,6,0,0,6,0,4,2,8,No,,,,,,,,,,,,,,,,,,,,,,,,,,,,,,,,,,,,,,,,,,,,,,,,,,,,,,,,,,,,,,,,,,,,,,,,,,,,,,,,,,,,,,,,,,
,2,,1,Y,1,N,0,6,0,0,6,0,0,6,0,0,6,0,0,6,0,4,2,8,No,,,,,,,,,,,,,,,,,,,,,,,,,,,,,,,,,,,,,,,,,,,,,,,,,,,,,,,,,,,,,,,,,,,,,,,,,,,,,,,,,,,,,,,,,,
,3,,0,N,0,N,0,6,0,0,6,0,0,6,0,0,6,0,0,6,0,4,2,8,No,,,,,,,,,,,,,,,,,,,,,,,,,,,,,,,,,,,,,,,,,,,,,,,,,,,,,,,,,,,,,,,,,,,,,,,,,,,,,,,,,,,,,,,,,,
16,0,16,3,Y,3,N,0,6,0,0,6,0,0,6,0,0,6,0,0,6,0,4,2,8,No,,,,,,,,,,,,,,,,,,,,,,,,,,,,,,,,,,,,,,,,,,,,,,,,,,,,,,,,,,,,,,,,,,,,,,,,,,,,,,,,,,,,,,,,,,
,1,,2,N,2,N,0,6,0,0,6,0,0,6,0,0,6,0,0,6,0,4,2,8,No,,,,,,,,,,,,,,,,,,,,,,,,,,,,,,,,,,,,,,,,,,,,,,,,,,,,,,,,,,,,,,,,,,,,,,,,,,,,,,,,,,,,,,,,,,
,2,,1,Y,1,N,0,6,0,0,6,0,0,6,0,0,6,0,0,6,0,4,2,8,No,,,,,,,,,,,,,,,,,,,,,,,,,,,,,,,,,,,,,,,,,,,,,,,,,,,,,,,,,,,,,,,,,,,,,,,,,,,,,,,,,,,,,,,,,,
,3,,0,N,0,N,0,6,0,0,6,0,0,6,0,0,6,0,0,6,0,4,2,8,No,,,,,,,,,,,,,,,,,,,,,,,,,,,,,,,,,,,,,,,,,,,,,,,,,,,,,,,,,,,,,,,,,,,,,,,,,,,,,,,,,,,,,,,,,,
17,0,15,3,N,3,Y,0,6,0,0,6,0,0,6,0,0,6,0,0,6,0,4,2,8,No,,,,,,,,,,,,,,,,,,,,,,,,,,,,,,,,,,,,,,,,,,,,,,,,,,,,,,,,,,,,,,,,,,,,,,,,,,,,,,,,,,,,,,,,,,
,1,,2,N,2,Y,0,6,0,0,6,0,0,6,0,0,6,0,0,6,0,4,2,8,No,,,,,,,,,,,,,,,,,,,,,,,,,,,,,,,,,,,,,,,,,,,,,,,,,,,,,,,,,,,,,,,,,,,,,,,,,,,,,,,,,,,,,,,,,,
,2,,1,Y,1,N,0,6,0,0,6,0,0,6,0,0,6,0,0,6,0,4,2,8,No,,,,,,,,,,,,,,,,,,,,,,,,,,,,,,,,,,,,,,,,,,,,,,,,,,,,,,,,,,,,,,,,,,,,,,,,,,,,,,,,,,,,,,,,,,
,3,,0,Y,0,N,0,6,0,0,6,0,0,6,0,0,6,0,0,6,0,4,2,8,No,,,,,,,,,,,,,,,,,,,,,,,,,,,,,,,,,,,,,,,,,,,,,,,,,,,,,,,,,,,,,,,,,,,,,,,,,,,,,,,,,,,,,,,,,,
18,0,14,3,Y,3,N,0,6,0,0,6,0,0,6,0,0,6,0,0,6,0,4,2,8,No,,,,,,,,,,,,,,,,,,,,,,,,,,,,,,,,,,,,,,,,,,,,,,,,,,,,,,,,,,,,,,,,,,,,,,,,,,,,,,,,,,,,,,,,,,
,1,,2,Y,2,N,0,6,0,0,6,0,0,6,0,0,6,0,0,6,0,4,2,8,No,,,,,,,,,,,,,,,,,,,,,,,,,,,,,,,,,,,,,,,,,,,,,,,,,,,,,,,,,,,,,,,,,,,,,,,,,,,,,,,,,,,,,,,,,,
,2,,1,Y,1,N,0,6,0,0,6,0,0,6,0,0,6,0,0,6,0,4,2,8,No,,,,,,,,,,,,,,,,,,,,,,,,,,,,,,,,,,,,,,,,,,,,,,,,,,,,,,,,,,,,,,,,,,,,,,,,,,,,,,,,,,,,,,,,,,
,3,,0,Y,0,N,0,6,0,0,6,0,0,6,0,0,6,0,0,6,0,4,2,8,No,,,,,,,,,,,,,,,,,,,,,,,,,,,,,,,,,,,,,,,,,,,,,,,,,,,,,,,,,,,,,,,,,,,,,,,,,,,,,,,,,,,,,,,,,,
19,0,13,3,N,3,Y,0,6,0,0,6,0,0,6,0,0,6,0,0,6,0,4,2,10,No,,,,,,,,,,,,,,,,,,,,,,,,,,,,,,,,,,,,,,,,,,,,,,,,,,,,,,,,,,,,,,,,,,,,,,,,,,,,,,,,,,,,,,,,,,
,1,,2,Y,2,N,0,6,0,0,6,0,0,6,0,0,6,0,0,6,0,4,2,10,No,,,,,,,,,,,,,,,,,,,,,,,,,,,,,,,,,,,,,,,,,,,,,,,,,,,,,,,,,,,,,,,,,,,,,,,,,,,,,,,,,,,,,,,,,,
,2,,1,Y,1,N,0,6,0,0,6,0,0,6,0,0,6,0,0,6,0,4,2,10,No,,,,,,,,,,,,,,,,,,,,,,,,,,,,,,,,,,,,,,,,,,,,,,,,,,,,,,,,,,,,,,,,,,,,,,,,,,,,,,,,,,,,,,,,,,
,3,,0,Y,0,N,0,6,0,0,6,0,0,6,0,0,6,0,0,6,0,4,2,10,No,,,,,,,,,,,,,,,,,,,,,,,,,,,,,,,,,,,,,,,,,,,,,,,,,,,,,,,,,,,,,,,,,,,,,,,,,,,,,,,,,,,,,,,,,,
20,0,12,3,Y,3,N,0,6,0,0,6,0,0,6,0,0,6,0,0,6,0,4,2,10,No,,,,,,,,,,,,,,,,,,,,,,,,,,,,,,,,,,,,,,,,,,,,,,,,,,,,,,,,,,,,,,,,,,,,,,,,,,,,,,,,,,,,,,,,,,
,1,,2,Y,2,N,0,6,0,0,6,0,0,6,0,0,6,0,0,6,0,4,2,10,No,,,,,,,,,,,,,,,,,,,,,,,,,,,,,,,,,,,,,,,,,,,,,,,,,,,,,,,,,,,,,,,,,,,,,,,,,,,,,,,,,,,,,,,,,,
,2,,1,Y,1,N,0,6,0,0,6,0,0,6,0,0,6,0,0,6,0,4,2,10,No,,,,,,,,,,,,,,,,,,,,,,,,,,,,,,,,,,,,,,,,,,,,,,,,,,,,,,,,,,,,,,,,,,,,,,,,,,,,,,,,,,,,,,,,,,
,3,,0,Y,0,N,0,6,0,0,6,0,0,6,0,0,6,0,0,6,0,4,2,10,No,,,,,,,,,,,,,,,,,,,,,,,,,,,,,,,,,,,,,,,,,,,,,,,,,,,,,,,,,,,,,,,,,,,,,,,,,,,,,,,,,,,,,,,,,,
21,0,11,2,N,2,Y,0,6,0,0,6,0,0,6,0,0,6,0,0,6,0,2,2,10,No,,,,,,,,,,,,,,,,,,,,,,,,,,,,,,,,,,,,,,,,,,,,,,,,,,,,,,,,,,,,,,,,,,,,,,,,,,,,,,,,,,,,,,,,,,
,1,,3,Y,3,N,0,6,0,0,6,0,0,6,0,0,6,0,0,6,0,2,2,10,No,,,,,,,,,,,,,,,,,,,,,,,,,,,,,,,,,,,,,,,,,,,,,,,,,,,,,,,,,,,,,,,,,,,,,,,,,,,,,,,,,,,,,,,,,,
,2,,1,Y,1,Y,0,6,0,0,6,0,0,6,0,0,6,0,0,6,0,2,2,10,No,,,,,,,,,,,,,,,,,,,,,,,,,,,,,,,,,,,,,,,,,,,,,,,,,,,,,,,,,,,,,,,,,,,,,,,,,,,,,,,,,,,,,,,,,,
,3,,0,Y,0,N,0,6,0,0,6,0,0,6,0,0,6,0,0,6,0,2,2,10,No,,,,,,,,,,,,,,,,,,,,,,,,,,,,,,,,,,,,,,,,,,,,,,,,,,,,,,,,,,,,,,,,,,,,,,,,,,,,,,,,,,,,,,,,,,
22,0,10,3,Y,3,N,0,6,0,0,6,0,0,6,0,0,6,0,0,6,0,2,2,10,No,,,,,,,,,,,,,,,,,,,,,,,,,,,,,,,,,,,,,,,,,,,,,,,,,,,,,,,,,,,,,,,,,,,,,,,,,,,,,,,,,,,,,,,,,,
,1,,2,Y,2,N,0,6,0,0,6,0,0,6,0,0,6,0,0,6,0,2,2,10,No,,,,,,,,,,,,,,,,,,,,,,,,,,,,,,,,,,,,,,,,,,,,,,,,,,,,,,,,,,,,,,,,,,,,,,,,,,,,,,,,,,,,,,,,,,
,2,,0,Y,0,N,0,6,0,0,6,0,0,6,0,0,6,0,0,6,0,2,2,10,No,,,,,,,,,,,,,,,,,,,,,,,,,,,,,,,,,,,,,,,,,,,,,,,,,,,,,,,,,,,,,,,,,,,,,,,,,,,,,,,,,,,,,,,,,,
,3,,1,Y,1,Y,0,6,0,0,6,0,0,6,0,0,6,0,0,6,0,2,2,10,No,,,,,,,,,,,,,,,,,,,,,,,,,,,,,,,,,,,,,,,,,,,,,,,,,,,,,,,,,,,,,,,,,,,,,,,,,,,,,,,,,,,,,,,,,,
23,0,9,3,N,3,N,0,6,0,0,6,0,0,6,0,0,6,0,0,6,0,2,2,10,No,,,,,,,,,,,,,,,,,,,,,,,,,,,,,,,,,,,,,,,,,,,,,,,,,,,,,,,,,,,,,,,,,,,,,,,,,,,,,,,,,,,,,,,,,,
,1,,2,Y,2,Y,0,6,0,0,6,0,0,6,0,0,6,0,0,6,0,2,2,10,No,,,,,,,,,,,,,,,,,,,,,,,,,,,,,,,,,,,,,,,,,,,,,,,,,,,,,,,,,,,,,,,,,,,,,,,,,,,,,,,,,,,,,,,,,,
,2,,1,Y,1,N,0,6,0,0,6,0,0,6,0,0,6,0,0,6,0,2,2,10,No,,,,,,,,,,,,,,,,,,,,,,,,,,,,,,,,,,,,,,,,,,,,,,,,,,,,,,,,,,,,,,,,,,,,,,,,,,,,,,,,,,,,,,,,,,
,3,,0,Y,0,N,0,6,0,0,6,0,0,6,0,0,6,0,0,6,0,2,2,10,No,,,,,,,,,,,,,,,,,,,,,,,,,,,,,,,,,,,,,,,,,,,,,,,,,,,,,,,,,,,,,,,,,,,,,,,,,,,,,,,,,,,,,,,,,,
24,0,8,3,Y,3,N,0,6,0,0,6,0,0,6,0,0,6,0,0,6,0,2,2,10,No,,,,,,,,,,,,,,,,,,,,,,,,,,,,,,,,,,,,,,,,,,,,,,,,,,,,,,,,,,,,,,,,,,,,,,,,,,,,,,,,,,,,,,,,,,
,1,,1,N,1,N,0,6,0,0,6,0,0,6,0,0,6,0,0,6,0,2,2,10,No,,,,,,,,,,,,,,,,,,,,,,,,,,,,,,,,,,,,,,,,,,,,,,,,,,,,,,,,,,,,,,,,,,,,,,,,,,,,,,,,,,,,,,,,,,
,2,,2,Y,2,N,0,6,0,0,6,0,0,6,0,0,6,0,0,6,0,2,2,10,No,,,,,,,,,,,,,,,,,,,,,,,,,,,,,,,,,,,,,,,,,,,,,,,,,,,,,,,,,,,,,,,,,,,,,,,,,,,,,,,,,,,,,,,,,,
,3,,0,N,0,Y,0,6,0,0,6,0,0,6,0,0,6,0,0,6,0,2,2,10,No,,,,,,,,,,,,,,,,,,,,,,,,,,,,,,,,,,,,,,,,,,,,,,,,,,,,,,,,,,,,,,,,,,,,,,,,,,,,,,,,,,,,,,,,,,
25,0,7,3,N,3,N,0,6,0,0,6,0,0,6,0,0,6,0,0,6,0,0,3,12,No,,,,,,,,,,,,,,,,,,,,,,,,,,,,,,,,,,,,,,,,,,,,,,,,,,,,,,,,,,,,,,,,,,,,,,,,,,,,,,,,,,,,,,,,,,
,1,,2,N,2,Y,0,6,0,0,6,0,0,6,0,0,6,0,0,6,0,0,3,12,No,,,,,,,,,,,,,,,,,,,,,,,,,,,,,,,,,,,,,,,,,,,,,,,,,,,,,,,,,,,,,,,,,,,,,,,,,,,,,,,,,,,,,,,,,,
,2,,0,N,0,N,0,6,0,0,6,0,0,6,0,0,6,0,0,6,0,0,3,12,No,,,,,,,,,,,,,,,,,,,,,,,,,,,,,,,,,,,,,,,,,,,,,,,,,,,,,,,,,,,,,,,,,,,,,,,,,,,,,,,,,,,,,,,,,,
,3,,1,N,1,N,0,6,0,0,6,0,0,6,0,0,6,0,0,6,0,0,3,12,No,,,,,,,,,,,,,,,,,,,,,,,,,,,,,,,,,,,,,,,,,,,,,,,,,,,,,,,,,,,,,,,,,,,,,,,,,,,,,,,,,,,,,,,,,,
26,0,6,2,N,2,N,0,6,0,0,6,0,0,6,0,0,6,0,0,6,0,0,3,12,No,,,,,,,,,,,,,,,,,,,,,,,,,,,,,,,,,,,,,,,,,,,,,,,,,,,,,,,,,,,,,,,,,,,,,,,,,,,,,,,,,,,,,,,,,,
,1,,3,N,3,N,0,6,0,0,6,0,0,6,0,0,6,0,0,6,0,0,3,12,No,,,,,,,,,,,,,,,,,,,,,,,,,,,,,,,,,,,,,,,,,,,,,,,,,,,,,,,,,,,,,,,,,,,,,,,,,,,,,,,,,,,,,,,,,,
,2,,1,N,1,Y,0,6,0,0,6,0,0,6,0,0,6,0,0,6,0,0,3,12,No,,,,,,,,,,,,,,,,,,,,,,,,,,,,,,,,,,,,,,,,,,,,,,,,,,,,,,,,,,,,,,,,,,,,,,,,,,,,,,,,,,,,,,,,,,
,3,,0,N,0,N,0,6,0,0,6,0,0,6,0,0,6,0,0,6,0,0,3,12,No,,,,,,,,,,,,,,,,,,,,,,,,,,,,,,,,,,,,,,,,,,,,,,,,,,,,,,,,,,,,,,,,,,,,,,,,,,,,,,,,,,,,,,,,,,
27,0,5,2,Y,2,N,0,6,0,0,6,0,0,6,0,0,6,0,0,6,0,0,3,14,No,,,,,,,,,,,,,,,,,,,,,,,,,,,,,,,,,,,,,,,,,,,,,,,,,,,,,,,,,,,,,,,,,,,,,,,,,,,,,,,,,,,,,,,,,,
,1,,3,N,3,N,0,6,0,0,6,0,0,6,0,0,6,0,0,6,0,0,3,14,No,,,,,,,,,,,,,,,,,,,,,,,,,,,,,,,,,,,,,,,,,,,,,,,,,,,,,,,,,,,,,,,,,,,,,,,,,,,,,,,,,,,,,,,,,,
,2,,0,N,0,N,0,6,0,0,6,0,0,6,0,0,6,0,0,6,0,0,3,14,No,,,,,,,,,,,,,,,,,,,,,,,,,,,,,,,,,,,,,,,,,,,,,,,,,,,,,,,,,,,,,,,,,,,,,,,,,,,,,,,,,,,,,,,,,,
,3,,1,N,1,N,0,6,0,0,6,0,0,6,0,0,6,0,0,6,0,0,3,14,No,,,,,,,,,,,,,,,,,,,,,,,,,,,,,,,,,,,,,,,,,,,,,,,,,,,,,,,,,,,,,,,,,,,,,,,,,,,,,,,,,,,,,,,,,,
28,0,4,2,N,2,N,0,6,0,0,6,0,0,6,0,0,6,0,0,6,0,0,3,14,No,,,,,,,,,,,,,,,,,,,,,,,,,,,,,,,,,,,,,,,,,,,,,,,,,,,,,,,,,,,,,,,,,,,,,,,,,,,,,,,,,,,,,,,,,,
,1,,3,N,3,N,0,6,0,0,6,0,0,6,0,0,6,0,0,6,0,0,3,14,No,,,,,,,,,,,,,,,,,,,,,,,,,,,,,,,,,,,,,,,,,,,,,,,,,,,,,,,,,,,,,,,,,,,,,,,,,,,,,,,,,,,,,,,,,,
,2,,0,N,0,Y,0,6,0,0,6,0,0,6,0,0,6,0,0,6,0,0,3,14,No,,,,,,,,,,,,,,,,,,,,,,,,,,,,,,,,,,,,,,,,,,,,,,,,,,,,,,,,,,,,,,,,,,,,,,,,,,,,,,,,,,,,,,,,,,
,3,,1,N,1,Y,0,6,0,0,6,0,0,6,0,0,6,0,0,6,0,0,3,14,No,,,,,,,,,,,,,,,,,,,,,,,,,,,,,,,,,,,,,,,,,,,,,,,,,,,,,,,,,,,,,,,,,,,,,,,,,,,,,,,,,,,,,,,,,,
29,0,3,2,Y,2,N,0,6,0,0,6,0,0,6,0,0,6,0,0,6,0,0,3,14,No,,,,,,,,,,,,,,,,,,,,,,,,,,,,,,,,,,,,,,,,,,,,,,,,,,,,,,,,,,,,,,,,,,,,,,,,,,,,,,,,,,,,,,,,,,
,1,,0,N,0,N,0,6,0,0,6,0,0,6,0,0,6,0,0,6,0,0,3,14,No,,,,,,,,,,,,,,,,,,,,,,,,,,,,,,,,,,,,,,,,,,,,,,,,,,,,,,,,,,,,,,,,,,,,,,,,,,,,,,,,,,,,,,,,,,
,2,,3,N,3,N,0,6,0,0,6,0,0,6,0,0,6,0,0,6,0,0,3,14,No,,,,,,,,,,,,,,,,,,,,,,,,,,,,,,,,,,,,,,,,,,,,,,,,,,,,,,,,,,,,,,,,,,,,,,,,,,,,,,,,,,,,,,,,,,
,3,,1,N,1,N,0,6,0,0,6,0,0,6,0,0,6,0,0,6,0,0,3,14,No,,,,,,,,,,,,,,,,,,,,,,,,,,,,,,,,,,,,,,,,,,,,,,,,,,,,,,,,,,,,,,,,,,,,,,,,,,,,,,,,,,,,,,,,,,
30,0,2,3,Y,3,N,0,6,0,0,6,0,0,6,0,0,6,0,0,6,0,0,3,14,No,,,,,,,,,,,,,,,,,,,,,,,,,,,,,,,,,,,,,,,,,,,,,,,,,,,,,,,,,,,,,,,,,,,,,,,,,,,,,,,,,,,,,,,,,,
,1,,2,N,2,N,0,6,0,0,6,0,0,6,0,0,6,0,0,6,0,0,3,14,No,,,,,,,,,,,,,,,,,,,,,,,,,,,,,,,,,,,,,,,,,,,,,,,,,,,,,,,,,,,,,,,,,,,,,,,,,,,,,,,,,,,,,,,,,,
,2,,1,Y,1,N,0,6,0,0,6,0,0,6,0,0,6,0,0,6,0,0,3,14,No,,,,,,,,,,,,,,,,,,,,,,,,,,,,,,,,,,,,,,,,,,,,,,,,,,,,,,,,,,,,,,,,,,,,,,,,,,,,,,,,,,,,,,,,,,
,3,,0,N,0,N,0,6,0,0,6,0,0,6,0,0,6,0,0,6,0,0,3,14,No,,,,,,,,,,,,,,,,,,,,,,,,,,,,,,,,,,,,,,,,,,,,,,,,,,,,,,,,,,,,,,,,,,,,,,,,,,,,,,,,,,,,,,,,,,
31,0,1,3,N,3,Y,0,6,0,0,6,0,0,6,0,0,6,0,0,6,0,0,3,16,No,,,,,,,,,,,,,,,,,,,,,,,,,,,,,,,,,,,,,,,,,,,,,,,,,,,,,,,,,,,,,,,,,,,,,,,,,,,,,,,,,,,,,,,,,,
,1,,1,N,1,N,0,6,0,0,6,0,0,6,0,0,6,0,0,6,0,0,3,16,No,,,,,,,,,,,,,,,,,,,,,,,,,,,,,,,,,,,,,,,,,,,,,,,,,,,,,,,,,,,,,,,,,,,,,,,,,,,,,,,,,,,,,,,,,,
,2,,0,Y,0,N,0,6,0,0,6,0,0,6,0,0,6,0,0,6,0,0,3,16,No,,,,,,,,,,,,,,,,,,,,,,,,,,,,,,,,,,,,,,,,,,,,,,,,,,,,,,,,,,,,,,,,,,,,,,,,,,,,,,,,,,,,,,,,,,
,3,,2,Y,2,N,0,6,0,0,6,0,0,6,0,0,6,0,0,6,0,0,3,16,No,,,,,,,,,,,,,,,,,,,,,,,,,,,,,,,,,,,,,,,,,,,,,,,,,,,,,,,,,,,,,,,,,,,,,,,,,,,,,,,,,,,,,,,,,,
32,0,0,1,Y,1,N,0,6,0,0,6,0,0,6,0,0,6,0,0,6,0,0,3,16,No,,,,,,,,,,,,,,,,,,,,,,,,,,,,,,,,,,,,,,,,,,,,,,,,,,,,,,,,,,,,,,,,,,,,,,,,,,,,,,,,,,,,,,,,,,
,1,,3,Y,3,N,0,6,0,0,6,0,0,6,0,0,6,0,0,6,0,0,3,16,No,,,,,,,,,,,,,,,,,,,,,,,,,,,,,,,,,,,,,,,,,,,,,,,,,,,,,,,,,,,,,,,,,,,,,,,,,,,,,,,,,,,,,,,,,,
,2,,0,N,0,N,0,6,0,0,6,0,0,6,0,0,6,0,0,6,0,0,3,16,No,,,,,,,,,,,,,,,,,,,,,,,,,,,,,,,,,,,,,,,,,,,,,,,,,,,,,,,,,,,,,,,,,,,,,,,,,,,,,,,,,,,,,,,,,,
,3,,2,Y,2,N,0,6,0,0,6,0,0,6,0,0,6,0,0,6,0,0,3,16,No,,,,,,,,,,,,,,,,,,,,,,,,,,,,,,,,,,,,,,,,,,,,,,,,,,,,,,,,,,,,,,,,,,,,,,,,,,,,,,,,,,,,,,,,,,
33,0,40,1,Y,1,N,0,11,0,0,11,0,0,9,0,0,9,0,0,9,0,4,4,0,Yes,0,30,7,1,36,1,0,0,3,1,3,2F,1,5,0,3,0,3,2F,1,0,0,3,1,3,2F,1,5,0,3,0,3,2F,1,0,0,3,1,3,2F,1,5,0,3,0,3,2F,1,0,0,3,1,3,2F,1,5,0,3,0,3,2F,1,0,0,3,1,3,2F,1,2,0,3,0,3,2F,0,1,0,3,0,3,2F,0,0,0,3,1,3,2F,1
,1,,0,N,0,N,0,11,0,0,11,0,0,9,0,0,9,0,0,9,0,4,4,0,Yes,,,6,,,0,0,0,3,1,3,2F,1,5,0,3,0,3,2F,1,0,0,3,1,3,2F,1,5,0,3,0,3,2F,1,0,0,3,1,3,2F,1,5,0,3,0,3,2F,1,0,0,3,1,3,2F,1,5,0,3,0,3,2F,1,0,0,3,1,3,2F,1,2,0,3,0,3,2F,0,1,0,3,0,3,2F,0,0,0,3,1,3,2F,1
,2,,3,N,3,N,0,11,0,0,11,0,0,9,0,0,9,0,0,9,0,4,4,0,Yes,,,5,,,2,0,0,3,1,3,2F,1,5,0,3,0,3,2F,1,0,0,3,1,3,2F,1,5,0,3,0,3,2F,1,0,0,3,1,3,2F,1,5,0,3,0,3,2F,1,0,0,3,1,3,2F,1,5,0,3,0,3,2F,1,0,0,3,1,3,2F,1,2,0,3,0,3,2F,0,1,0,3,0,3,2F,0,0,0,3,1,3,2F,1
,3,,2,N,2,N,0,11,0,0,11,0,0,9,0,0,9,0,0,9,0,4,4,0,Yes,,,4,,,3,0,0,3,1,3,2F,1,5,0,3,0,3,2F,1,0,0,3,1,3,2F,1,5,0,3,0,3,2F,1,0,0,3,1,3,2F,1,5,0,3,0,3,2F,1,0,0,3,1,3,2F,1,5,0,3,0,3,2F,1,0,0,3,1,3,2F,1,2,0,3,0,3,2F,0,1,0,3,0,3,2F,0,0,0,3,1,3,2F,1
34,0,41,1,N,1,N,0,11,0,0,11,0,0,9,0,0,9,0,0,9,0,4,4,0,Yes,,,3,,,5,0,0,3,1,3,2F,1,5,0,3,0,3,2F,1,0,0,3,1,3,2F,1,5,0,3,0,3,2F,1,0,0,3,1,3,2F,1,5,0,3,0,3,2F,1,0,0,3,1,3,2F,1,5,0,3,0,3,2F,1,0,0,3,1,3,2F,1,2,0,3,0,3,2F,0,1,0,3,0,3,2F,0,0,0,3,1,3,2F,1
,1,,0,N,0,N,0,11,0,0,11,0,0,9,0,0,9,0,0,9,0,4,4,0,Yes,,,2,,,4,0,0,3,1,3,2F,1,5,0,3,0,3,2F,1,0,0,3,1,3,2F,1,5,0,3,0,3,2F,1,0,0,3,1,3,2F,1,5,0,3,0,3,2F,1,0,0,3,1,3,2F,1,5,0,3,0,3,2F,1,0,0,3,1,3,2F,1,2,0,3,0,3,2F,0,1,0,3,0,3,2F,0,0,0,3,1,3,2F,1
,2,,3,N,3,N,0,11,0,0,11,0,0,9,0,0,9,0,0,9,0,4,4,0,Yes,,,1,,,7,0,0,3,1,3,2F,1,5,0,3,0,3,2F,1,0,0,3,1,3,2F,1,5,0,3,0,3,2F,1,0,0,3,1,3,2F,1,5,0,3,0,3,2F,1,0,0,3,1,3,2F,1,5,0,3,0,3,2F,1,0,0,3,1,3,2F,1,2,0,3,0,3,2F,0,1,0,3,0,3,2F,0,0,0,3,1,3,2F,1
,3,,2,Y,2,Y,0,11,0,0,11,0,0,9,0,0,9,0,0,9,0,4,4,0,Yes,,,0,,,6,0,0,3,1,3,2F,1,5,0,3,0,3,2F,1,0,0,3,1,3,2F,1,5,0,3,0,3,2F,1,0,0,3,1,3,2F,1,5,0,3,0,3,2F,1,0,0,3,1,3,2F,1,5,0,3,0,3,2F,1,0,0,3,1,3,2F,1,2,0,3,0,3,2F,0,1,0,3,0,3,2F,0,0,0,3,1,3,2F,1
35,0,42,0,N,0,Y,0,11,0,0,11,0,0,9,0,0,9,0,0,9,0,4,4,0,Yes,2,48,7,3,4E,1,0,0,3,1,3,2F,1,5,0,3,0,3,2F,1,0,0,3,1,3,2F,1,5,0,3,0,3,2F,1,0,0,3,1,3,2F,1,5,0,3,0,3,2F,1,0,0,3,1,3,2F,1,5,0,3,0,3,2F,1,0,0,3,1,3,2F,1,2,0,3,0,3,2F,0,1,0,3,0,3,2F,0,0,0,3,1,3,2F,1
,1,,2,Y,2,N,0,11,0,0,11,0,0,9,0,0,9,0,0,9,0,4,4,0,Yes,,,6,,,2,0,0,3,1,3,2F,1,5,0,3,0,3,2F,1,0,0,3,1,3,2F,1,5,0,3,0,3,2F,1,0,0,3,1,3,2F,1,5,0,3,0,3,2F,1,0,0,3,1,3,2F,1,5,0,3,0,3,2F,1,0,0,3,1,3,2F,1,2,0,3,0,3,2F,0,1,0,3,0,3,2F,0,0,0,3,1,3,2F,1
,2,,1,Y,1,Y,0,11,0,0,11,0,0,9,0,0,9,0,0,9,0,4,4,0,Yes,,,5,,,0,0,0,3,1,3,2F,1,5,0,3,0,3,2F,1,0,0,3,1,3,2F,1,5,0,3,0,3,2F,1,0,0,3,1,3,2F,1,5,0,3,0,3,2F,1,0,0,3,1,3,2F,1,5,0,3,0,3,2F,1,0,0,3,1,3,2F,1,2,0,3,0,3,2F,0,1,0,3,0,3,2F,0,0,0,3,1,3,2F,1
,3,,3,Y,3,N,0,11,0,0,11,0,0,9,0,0,9,0,0,9,0,4,4,0,Yes,,,4,,,3,0,0,3,1,3,2F,1,5,0,3,0,3,2F,1,0,0,3,1,3,2F,1,5,0,3,0,3,2F,1,0,0,3,1,3,2F,1,5,0,3,0,3,2F,1,0,0,3,1,3,2F,1,5,0,3,0,3,2F,1,0,0,3,1,3,2F,1,2,0,3,0,3,2F,0,1,0,3,0,3,2F,0,0,0,3,1,3,2F,1
36,0,43,0,N,0,N,0,11,0,0,11,0,0,9,0,0,9,0,0,9,0,4,4,0,Yes,,,3,,,4,0,0,3,1,3,2F,1,5,0,3,0,3,2F,1,0,0,3,1,3,2F,1,5,0,3,0,3,2F,1,0,0,3,1,3,2F,1,5,0,3,0,3,2F,1,0,0,3,1,3,2F,1,5,0,3,0,3,2F,1,0,0,3,1,3,2F,1,2,0,3,0,3,2F,0,1,0,3,0,3,2F,0,0,0,3,1,3,2F,1
,1,,1,Y,1,N,0,11,0,0,11,0,0,9,0,0,9,0,0,9,0,4,4,0,Yes,,,2,,,5,0,0,3,1,3,2F,1,5,0,3,0,3,2F,1,0,0,3,1,3,2F,1,5,0,3,0,3,2F,1,0,0,3,1,3,2F,1,5,0,3,0,3,2F,1,0,0,3,1,3,2F,1,5,0,3,0,3,2F,1,0,0,3,1,3,2F,1,2,0,3,0,3,2F,0,1,0,3,0,3,2F,0,0,0,3,1,3,2F,1
,2,,2,N,2,Y,0,11,0,0,11,0,0,9,0,0,9,0,0,9,0,4,4,0,Yes,,,1,,,7,0,0,3,1,3,2F,1,5,0,3,0,3,2F,1,0,0,3,1,3,2F,1,5,0,3,0,3,2F,1,0,0,3,1,3,2F,1,5,0,3,0,3,2F,1,0,0,3,1,3,2F,1,5,0,3,0,3,2F,1,0,0,3,1,3,2F,1,2,0,3,0,3,2F,0,1,0,3,0,3,2F,0,0,0,3,1,3,2F,1
,3,,3,N,3,Y,0,11,0,0,11,0,0,9,0,0,9,0,0,9,0,4,4,0,Yes,,,0,,,6,0,0,3,1,3,2F,1,5,0,3,0,3,2F,1,0,0,3,1,3,2F,1,5,0,3,0,3,2F,1,0,0,3,1,3,2F,1,5,0,3,0,3,2F,1,0,0,3,1,3,2F,1,5,0,3,0,3,2F,1,0,0,3,1,3,2F,1,2,0,3,0,3,2F,0,1,0,3,0,3,2F,0,0,0,3,1,3,2F,1
37,0,44,1,N,1,N,0,11,0,0,11,0,0,9,0,0,9,0,0,9,0,4,4,0,Yes,4,30,7,5,36,0,0,0,3,1,3,2F,1,5,0,3,0,3,2F,1,0,0,3,1,3,2F,1,5,0,3,0,3,2F,1,0,0,3,1,3,2F,1,5,0,3,0,3,2F,1,0,0,3,1,3,2F,1,5,0,3,0,3,2F,1,0,0,3,1,3,2F,1,2,0,3,0,3,2F,0,1,0,3,0,3,2F,0,0,0,3,1,3,2F,1
,1,,0,Y,0,N,0,11,0,0,11,0,0,9,0,0,9,0,0,9,0,4,4,0,Yes,,,6,,,1,0,0,3,1,3,2F,1,5,0,3,0,3,2F,1,0,0,3,1,3,2F,1,5,0,3,0,3,2F,1,0,0,3,1,3,2F,1,5,0,3,0,3,2F,1,0,0,3,1,3,2F,1,5,0,3,0,3,2F,1,0,0,3,1,3,2F,1,2,0,3,0,3,2F,0,1,0,3,0,3,2F,0,0,0,3,1,3,2F,1
,2,,3,Y,3,N,0,11,0,0,11,0,0,9,0,0,9,0,0,9,0,4,4,0,Yes,,,5,,,2,0,0,3,1,3,2F,1,5,0,3,0,3,2F,1,0,0,3,1,3,2F,1,5,0,3,0,3,2F,1,0,0,3,1,3,2F,1,5,0,3,0,3,2F,1,0,0,3,1,3,2F,1,5,0,3,0,3,2F,1,0,0,3,1,3,2F,1,2,0,3,0,3,2F,0,1,0,3,0,3,2F,0,0,0,3,1,3,2F,1
,3,,2,Y,2,N,0,11,0,0,11,0,0,9,0,0,9,0,0,9,0,4,4,0,Yes,,,4,,,3,0,0,3,1,3,2F,1,5,0,3,0,3,2F,1,0,0,3,1,3,2F,1,5,0,3,0,3,2F,1,0,0,3,1,3,2F,1,5,0,3,0,3,2F,1,0,0,3,1,3,2F,1,5,0,3,0,3,2F,1,0,0,3,1,3,2F,1,2,0,3,0,3,2F,0,1,0,3,0,3,2F,0,0,0,3,1,3,2F,1
38,0,45,1,Y,1,N,0,11,0,0,11,0,0,9,0,0,9,0,0,9,0,4,4,0,Yes,,,3,,,4,0,0,3,1,3,2F,1,5,0,3,0,3,2F,1,0,0,3,1,3,2F,1,5,0,3,0,3,2F,1,0,0,3,1,3,2F,1,5,0,3,0,3,2F,1,0,0,3,1,3,2F,1,5,0,3,0,3,2F,1,0,0,3,1,3,2F,1,2,0,3,0,3,2F,0,1,0,3,0,3,2F,0,0,0,3,1,3,2F,1
,1,,0,Y,0,N,0,11,0,0,11,0,0,9,0,0,9,0,0,9,0,4,4,0,Yes,,,2,,,5,0,0,3,1,3,2F,1,5,0,3,0,3,2F,1,0,0,3,1,3,2F,1,5,0,3,0,3,2F,1,0,0,3,1,3,2F,1,5,0,3,0,3,2F,1,0,0,3,1,3,2F,1,5,0,3,0,3,2F,1,0,0,3,1,3,2F,1,2,0,3,0,3,2F,0,1,0,3,0,3,2F,0,0,0,3,1,3,2F,1
,2,,3,Y,3,Y,0,11,0,0,11,0,0,9,0,0,9,0,0,9,0,4,4,0,Yes,,,1,,,6,0,0,3,1,3,2F,1,5,0,3,0,3,2F,1,0,0,3,1,3,2F,1,5,0,3,0,3,2F,1,0,0,3,1,3,2F,1,5,0,3,0,3,2F,1,0,0,3,1,3,2F,1,5,0,3,0,3,2F,1,0,0,3,1,3,2F,1,2,0,3,0,3,2F,0,1,0,3,0,3,2F,0,0,0,3,1,3,2F,1
,3,,2,N,2,N,0,11,0,0,11,0,0,9,0,0,9,0,0,9,0,4,4,0,Yes,,,0,,,7,0,0,3,1,3,2F,1,5,0,3,0,3,2F,1,0,0,3,1,3,2F,1,5,0,3,0,3,2F,1,0,0,3,1,3,2F,1,5,0,3,0,3,2F,1,0,0,3,1,3,2F,1,5,0,3,0,3,2F,1,0,0,3,1,3,2F,1,2,0,3,0,3,2F,0,1,0,3,0,3,2F,0,0,0,3,1,3,2F,1
39,0,46,1,N,1,N,0,11,0,0,11,0,0,9,0,0,9,0,0,9,0,4,4,0,Yes,6,48,7,7,4E,0,0,0,3,1,3,2F,1,5,0,3,0,3,2F,1,0,0,3,1,3,2F,1,5,0,3,0,3,2F,1,0,0,3,1,3,2F,1,5,0,3,0,3,2F,1,0,0,3,1,3,2F,1,5,0,3,0,3,2F,1,0,0,3,1,3,2F,1,2,0,3,0,3,2F,0,1,0,3,0,3,2F,0,0,0,3,1,3,2F,1
,1,,0,Y,0,N,0,11,0,0,11,0,0,9,0,0,9,0,0,9,0,4,4,0,Yes,,,6,,,1,0,0,3,1,3,2F,1,5,0,3,0,3,2F,1,0,0,3,1,3,2F,1,5,0,3,0,3,2F,1,0,0,3,1,3,2F,1,5,0,3,0,3,2F,1,0,0,3,1,3,2F,1,5,0,3,0,3,2F,1,0,0,3,1,3,2F,1,2,0,3,0,3,2F,0,1,0,3,0,3,2F,0,0,0,3,1,3,2F,1
,2,,3,Y,3,N,0,11,0,0,11,0,0,9,0,0,9,0,0,9,0,4,4,0,Yes,,,5,,,2,0,0,3,1,3,2F,1,5,0,3,0,3,2F,1,0,0,3,1,3,2F,1,5,0,3,0,3,2F,1,0,0,3,1,3,2F,1,5,0,3,0,3,2F,1,0,0,3,1,3,2F,1,5,0,3,0,3,2F,1,0,0,3,1,3,2F,1,2,0,3,0,3,2F,0,1,0,3,0,3,2F,0,0,0,3,1,3,2F,1
,3,,2,Y,2,N,0,11,0,0,11,0,0,9,0,0,9,0,0,9,0,4,4,0,Yes,,,4,,,3,0,0,3,1,3,2F,1,5,0,3,0,3,2F,1,0,0,3,1,3,2F,1,5,0,3,0,3,2F,1,0,0,3,1,3,2F,1,5,0,3,0,3,2F,1,0,0,3,1,3,2F,1,5,0,3,0,3,2F,1,0,0,3,1,3,2F,1,2,0,3,0,3,2F,0,1,0,3,0,3,2F,0,0,0,3,1,3,2F,1
40,0,47,1,Y,1,N,0,11,0,0,11,0,0,9,0,0,9,0,0,9,0,4,4,0,Yes,,,3,,,4,0,0,3,1,3,2F,1,5,0,3,0,3,2F,1,0,0,3,1,3,2F,1,5,0,3,0,3,2F,1,0,0,3,1,3,2F,1,5,0,3,0,3,2F,1,0,0,3,1,3,2F,1,5,0,3,0,3,2F,1,0,0,3,1,3,2F,1,2,0,3,0,3,2F,0,1,0,3,0,3,2F,0,0,0,3,1,3,2F,1
,1,,0,Y,0,N,0,11,0,0,11,0,0,9,0,0,9,0,0,9,0,4,4,0,Yes,,,2,,,5,0,0,3,1,3,2F,1,5,0,3,0,3,2F,1,0,0,3,1,3,2F,1,5,0,3,0,3,2F,1,0,0,3,1,3,2F,1,5,0,3,0,3,2F,1,0,0,3,1,3,2F,1,5,0,3,0,3,2F,1,0,0,3,1,3,2F,1,2,0,3,0,3,2F,0,1,0,3,0,3,2F,0,0,0,3,1,3,2F,1
,2,,3,Y,3,Y,0,11,0,0,11,0,0,9,0,0,9,0,0,9,0,4,4,0,Yes,,,1,,,6,0,0,3,1,3,2F,1,5,0,3,0,3,2F,1,0,0,3,1,3,2F,1,5,0,3,0,3,2F,1,0,0,3,1,3,2F,1,5,0,3,0,3,2F,1,0,0,3,1,3,2F,1,5,0,3,0,3,2F,1,0,0,3,1,3,2F,1,2,0,3,0,3,2F,0,1,0,3,0,3,2F,0,0,0,3,1,3,2F,1
,3,,2,N,2,N,0,11,0,0,11,0,0,9,0,0,9,0,0,9,0,4,4,0,Yes,,,0,,,7,0,0,3,1,3,2F,1,5,0,3,0,3,2F,1,0,0,3,1,3,2F,1,5,0,3,0,3,2F,1,0,0,3,1,3,2F,1,5,0,3,0,3,2F,1,0,0,3,1,3,2F,1,5,0,3,0,3,2F,1,0,0,3,1,3,2F,1,2,0,3,0,3,2F,0,1,0,3,0,3,2F,0,0,0,3,1,3,2F,1
41,0,32,2,N,2,N,0,6,0,0,6,0,0,6,0,0,6,0,0,6,0,0,3,12,No,,,,,,,,,,,,,,,,,,,,,,,,,,,,,,,,,,,,,,,,,,,,,,,,,,,,,,,,,,,,,,,,,,,,,,,,,,,,,,,,,,,,,,,,,,
,1,,1,N,1,Y,0,6,0,0,6,0,0,6,0,0,6,0,0,6,0,0,3,12,No,,,,,,,,,,,,,,,,,,,,,,,,,,,,,,,,,,,,,,,,,,,,,,,,,,,,,,,,,,,,,,,,,,,,,,,,,,,,,,,,,,,,,,,,,,
,2,,0,N,0,Y,0,6,0,0,6,0,0,6,0,0,6,0,0,6,0,0,3,12,No,,,,,,,,,,,,,,,,,,,,,,,,,,,,,,,,,,,,,,,,,,,,,,,,,,,,,,,,,,,,,,,,,,,,,,,,,,,,,,,,,,,,,,,,,,
,3,,3,Y,3,N,0,6,0,0,6,0,0,6,0,0,6,0,0,6,0,0,3,12,No,,,,,,,,,,,,,,,,,,,,,,,,,,,,,,,,,,,,,,,,,,,,,,,,,,,,,,,,,,,,,,,,,,,,,,,,,,,,,,,,,,,,,,,,,,
42,0,33,1,N,1,N,0,6,0,0,6,0,0,6,0,0,6,0,0,6,0,0,3,12,No,,,,,,,,,,,,,,,,,,,,,,,,,,,,,,,,,,,,,,,,,,,,,,,,,,,,,,,,,,,,,,,,,,,,,,,,,,,,,,,,,,,,,,,,,,
,1,,0,N,0,N,0,6,0,0,6,0,0,6,0,0,6,0,0,6,0,0,3,12,No,,,,,,,,,,,,,,,,,,,,,,,,,,,,,,,,,,,,,,,,,,,,,,,,,,,,,,,,,,,,,,,,,,,,,,,,,,,,,,,,,,,,,,,,,,
,2,,3,N,3,Y,0,6,0,0,6,0,0,6,0,0,6,0,0,6,0,0,3,12,No,,,,,,,,,,,,,,,,,,,,,,,,,,,,,,,,,,,,,,,,,,,,,,,,,,,,,,,,,,,,,,,,,,,,,,,,,,,,,,,,,,,,,,,,,,
,3,,2,N,2,Y,0,6,0,0,6,0,0,6,0,0,6,0,0,6,0,0,3,12,No,,,,,,,,,,,,,,,,,,,,,,,,,,,,,,,,,,,,,,,,,,,,,,,,,,,,,,,,,,,,,,,,,,,,,,,,,,,,,,,,,,,,,,,,,,
43,0,34,3,N,3,N,0,6,0,0,6,0,0,6,0,0,6,0,0,6,0,0,3,12,No,,,,,,,,,,,,,,,,,,,,,,,,,,,,,,,,,,,,,,,,,,,,,,,,,,,,,,,,,,,,,,,,,,,,,,,,,,,,,,,,,,,,,,,,,,
,1,,2,N,2,N,0,6,0,0,6,0,0,6,0,0,6,0,0,6,0,0,3,12,No,,,,,,,,,,,,,,,,,,,,,,,,,,,,,,,,,,,,,,,,,,,,,,,,,,,,,,,,,,,,,,,,,,,,,,,,,,,,,,,,,,,,,,,,,,
,2,,1,Y,1,N,0,6,0,0,6,0,0,6,0,0,6,0,0,6,0,0,3,12,No,,,,,,,,,,,,,,,,,,,,,,,,,,,,,,,,,,,,,,,,,,,,,,,,,,,,,,,,,,,,,,,,,,,,,,,,,,,,,,,,,,,,,,,,,,
,3,,0,Y,0,N,0,6,0,0,6,0,0,6,0,0,6,0,0,6,0,0,3,12,No,,,,,,,,,,,,,,,,,,,,,,,,,,,,,,,,,,,,,,,,,,,,,,,,,,,,,,,,,,,,,,,,,,,,,,,,,,,,,,,,,,,,,,,,,,
44,0,35,2,N,2,N,0,6,0,0,6,0,0,6,0,0,6,0,0,6,0,0,3,12,No,,,,,,,,,,,,,,,,,,,,,,,,,,,,,,,,,,,,,,,,,,,,,,,,,,,,,,,,,,,,,,,,,,,,,,,,,,,,,,,,,,,,,,,,,,
,1,,0,N,0,N,0,6,0,0,6,0,0,6,0,0,6,0,0,6,0,0,3,12,No,,,,,,,,,,,,,,,,,,,,,,,,,,,,,,,,,,,,,,,,,,,,,,,,,,,,,,,,,,,,,,,,,,,,,,,,,,,,,,,,,,,,,,,,,,
,2,,1,Y,1,N,0,6,0,0,6,0,0,6,0,0,6,0,0,6,0,0,3,12,No,,,,,,,,,,,,,,,,,,,,,,,,,,,,,,,,,,,,,,,,,,,,,,,,,,,,,,,,,,,,,,,,,,,,,,,,,,,,,,,,,,,,,,,,,,
,3,,3,N,3,N,0,6,0,0,6,0,0,6,0,0,6,0,0,6,0,0,3,12,No,,,,,,,,,,,,,,,,,,,,,,,,,,,,,,,,,,,,,,,,,,,,,,,,,,,,,,,,,,,,,,,,,,,,,,,,,,,,,,,,,,,,,,,,,,
45,0,36,2,Y,2,N,0,11,0,0,11,0,0,9,0,0,9,0,0,9,0,4,4,0,Yes,12,30,5,13,36,2,0,0,3,1,3,2F,1,5,0,3,0,3,2F,1,0,0,3,1,3,2F,1,5,0,3,0,3,2F,1,0,0,3,1,3,2F,1,5,0,3,0,3,2F,1,0,0,3,1,3,2F,1,5,0,3,0,3,2F,1,0,0,3,1,3,2F,1,2,0,3,0,3,2F,0,1,0,3,0,3,2F,0,0,0,3,1,3,2F,1
,1,,3,N,3,N,0,11,0,0,11,0,0,9,0,0,9,0,0,9,0,4,4,0,Yes,,,4,,,3,0,0,3,1,3,2F,1,5,0,3,0,3,2F,1,0,0,3,1,3,2F,1,5,0,3,0,3,2F,1,0,0,3,1,3,2F,1,5,0,3,0,3,2F,1,0,0,3,1,3,2F,1,5,0,3,0,3,2F,1,0,0,3,1,3,2F,1,2,0,3,0,3,2F,0,1,0,3,0,3,2F,0,0,0,3,1,3,2F,1
,2,,0,N,0,Y,0,11,0,0,11,0,0,9,0,0,9,0,0,9,0,4,4,0,Yes,,,7,,,0,0,0,3,1,3,2F,1,5,0,3,0,3,2F,1,0,0,3,1,3,2F,1,5,0,3,0,3,2F,1,0,0,3,1,3,2F,1,5,0,3,0,3,2F,1,0,0,3,1,3,2F,1,5,0,3,0,3,2F,1,0,0,3,1,3,2F,1,2,0,3,0,3,2F,0,1,0,3,0,3,2F,0,0,0,3,1,3,2F,1
,3,,1,N,1,Y,0,11,0,0,11,0,0,9,0,0,9,0,0,9,0,4,4,0,Yes,,,6,,,1,0,0,3,1,3,2F,1,5,0,3,0,3,2F,1,0,0,3,1,3,2F,1,5,0,3,0,3,2F,1,0,0,3,1,3,2F,1,5,0,3,0,3,2F,1,0,0,3,1,3,2F,1,5,0,3,0,3,2F,1,0,0,3,1,3,2F,1,2,0,3,0,3,2F,0,1,0,3,0,3,2F,0,0,0,3,1,3,2F,1
46,0,37,3,N,3,Y,0,11,0,0,11,0,0,9,0,0,9,0,0,9,0,4,4,0,Yes,,,1,,,7,0,0,3,1,3,2F,1,5,0,3,0,3,2F,1,0,0,3,1,3,2F,1,5,0,3,0,3,2F,1,0,0,3,1,3,2F,1,5,0,3,0,3,2F,1,0,0,3,1,3,2F,1,5,0,3,0,3,2F,1,0,0,3,1,3,2F,1,2,0,3,0,3,2F,0,1,0,3,0,3,2F,0,0,0,3,1,3,2F,1
,1,,2,N,2,Y,0,11,0,0,11,0,0,9,0,0,9,0,0,9,0,4,4,0,Yes,,,0,,,6,0,0,3,1,3,2F,1,5,0,3,0,3,2F,1,0,0,3,1,3,2F,1,5,0,3,0,3,2F,1,0,0,3,1,3,2F,1,5,0,3,0,3,2F,1,0,0,3,1,3,2F,1,5,0,3,0,3,2F,1,0,0,3,1,3,2F,1,2,0,3,0,3,2F,0,1,0,3,0,3,2F,0,0,0,3,1,3,2F,1
,2,,0,Y,0,Y,0,11,0,0,11,0,0,9,0,0,9,0,0,9,0,4,4,0,Yes,,,3,,,5,0,0,3,1,3,2F,1,5,0,3,0,3,2F,1,0,0,3,1,3,2F,1,5,0,3,0,3,2F,1,0,0,3,1,3,2F,1,5,0,3,0,3,2F,1,0,0,3,1,3,2F,1,5,0,3,0,3,2F,1,0,0,3,1,3,2F,1,2,0,3,0,3,2F,0,1,0,3,0,3,2F,0,0,0,3,1,3,2F,1
,3,,1,N,1,Y,0,11,0,0,11,0,0,9,0,0,9,0,0,9,0,4,4,0,Yes,,,2,,,4,0,0,3,1,3,2F,1,5,0,3,0,3,2F,1,0,0,3,1,3,2F,1,5,0,3,0,3,2F,1,0,0,3,1,3,2F,1,5,0,3,0,3,2F,1,0,0,3,1,3,2F,1,5,0,3,0,3,2F,1,0,0,3,1,3,2F,1,2,0,3,0,3,2F,0,1,0,3,0,3,2F,0,0,0,3,1,3,2F,1
47,0,38,3,Y,3,Y,0,11,0,0,11,0,0,9,0,0,9,0,0,9,0,4,4,0,Yes,14,48,5,15,4E,2,0,0,3,1,3,2F,1,5,0,3,0,3,2F,1,0,0,3,1,3,2F,1,5,0,3,0,3,2F,1,0,0,3,1,3,2F,1,5,0,3,0,3,2F,1,0,0,3,1,3,2F,1,5,0,3,0,3,2F,1,0,0,3,1,3,2F,1,2,0,3,0,3,2F,0,1,0,3,0,3,2F,0,0,0,3,1,3,2F,1
,1,,2,Y,2,Y,0,11,0,0,11,0,0,9,0,0,9,0,0,9,0,4,4,0,Yes,,,4,,,3,0,0,3,1,3,2F,1,5,0,3,0,3,2F,1,0,0,3,1,3,2F,1,5,0,3,0,3,2F,1,0,0,3,1,3,2F,1,5,0,3,0,3,2F,1,0,0,3,1,3,2F,1,5,0,3,0,3,2F,1,0,0,3,1,3,2F,1,2,0,3,0,3,2F,0,1,0,3,0,3,2F,0,0,0,3,1,3,2F,1
,2,,1,N,1,Y,0,11,0,0,11,0,0,9,0,0,9,0,0,9,0,4,4,0,Yes,,,7,,,0,0,0,3,1,3,2F,1,5,0,3,0,3,2F,1,0,0,3,1,3,2F,1,5,0,3,0,3,2F,1,0,0,3,1,3,2F,1,5,0,3,0,3,2F,1,0,0,3,1,3,2F,1,5,0,3,0,3,2F,1,0,0,3,1,3,2F,1,2,0,3,0,3,2F,0,1,0,3,0,3,2F,0,0,0,3,1,3,2F,1
,3,,0,Y,0,Y,0,11,0,0,11,0,0,9,0,0,9,0,0,9,0,4,4,0,Yes,,,6,,,1,0,0,3,1,3,2F,1,5,0,3,0,3,2F,1,0,0,3,1,3,2F,1,5,0,3,0,3,2F,1,0,0,3,1,3,2F,1,5,0,3,0,3,2F,1,0,0,3,1,3,2F,1,5,0,3,0,3,2F,1,0,0,3,1,3,2F,1,2,0,3,0,3,2F,0,1,0,3,0,3,2F,0,0,0,3,1,3,2F,1
48,0,39,3,N,3,Y,0,11,0,0,11,0,0,9,0,0,9,0,0,9,0,4,4,0,Yes,,,1,,,6,0,0,3,1,3,2F,1,5,0,3,0,3,2F,1,0,0,3,1,3,2F,1,5,0,3,0,3,2F,1,0,0,3,1,3,2F,1,5,0,3,0,3,2F,1,0,0,3,1,3,2F,1,5,0,3,0,3,2F,1,0,0,3,1,3,2F,1,2,0,3,0,3,2F,0,1,0,3,0,3,2F,0,0,0,3,1,3,2F,1
,1,,2,N,2,N,0,11,0,0,11,0,0,9,0,0,9,0,0,9,0,4,4,0,Yes,,,0,,,7,0,0,3,1,3,2F,1,5,0,3,0,3,2F,1,0,0,3,1,3,2F,1,5,0,3,0,3,2F,1,0,0,3,1,3,2F,1,5,0,3,0,3,2F,1,0,0,3,1,3,2F,1,5,0,3,0,3,2F,1,0,0,3,1,3,2F,1,2,0,3,0,3,2F,0,1,0,3,0,3,2F,0,0,0,3,1,3,2F,1
,2,,1,Y,1,Y,0,11,0,0,11,0,0,9,0,0,9,0,0,9,0,4,4,0,Yes,,,3,,,5,0,0,3,1,3,2F,1,5,0,3,0,3,2F,1,0,0,3,1,3,2F,1,5,0,3,0,3,2F,1,0,0,3,1,3,2F,1,5,0,3,0,3,2F,1,0,0,3,1,3,2F,1,5,0,3,0,3,2F,1,0,0,3,1,3,2F,1,2,0,3,0,3,2F,0,1,0,3,0,3,2F,0,0,0,3,1,3,2F,1
,3,,0,Y,0,Y,0,11,0,0,11,0,0,9,0,0,9,0,0,9,0,4,4,0,Yes,,,2,,,4,0,0,3,1,3,2F,1,5,0,3,0,3,2F,1,0,0,3,1,3,2F,1,5,0,3,0,3,2F,1,0,0,3,1,3,2F,1,5,0,3,0,3,2F,1,0,0,3,1,3,2F,1,5,0,3,0,3,2F,1,0,0,3,1,3,2F,1,2,0,3,0,3,2F,0,1,0,3,0,3,2F,0,0,0,3,1,3,2F,1
49,0,56,0,N,0,N,0,11,0,0,11,0,0,9,0,0,9,0,0,9,0,4,4,0,Yes,16,30,7,17,36,0,0,0,3,1,3,2F,1,5,0,3,0,3,2F,1,0,0,3,1,3,2F,1,5,0,3,0,3,2F,1,0,0,3,1,3,2F,1,5,0,3,0,3,2F,1,0,0,3,1,3,2F,1,5,0,3,0,3,2F,1,0,0,3,1,3,2F,1,2,0,3,0,3,2F,0,1,0,3,0,3,2F,0,0,0,3,1,3,2F,1
,1,,1,Y,1,N,0,11,0,0,11,0,0,9,0,0,9,0,0,9,0,4,4,0,Yes,,,6,,,1,0,0,3,1,3,2F,1,5,0,3,0,3,2F,1,0,0,3,1,3,2F,1,5,0,3,0,3,2F,1,0,0,3,1,3,2F,1,5,0,3,0,3,2F,1,0,0,3,1,3,2F,1,5,0,3,0,3,2F,1,0,0,3,1,3,2F,1,2,0,3,0,3,2F,0,1,0,3,0,3,2F,0,0,0,3,1,3,2F,1
,2,,2,Y,2,N,0,11,0,0,11,0,0,9,0,0,9,0,0,9,0,4,4,0,Yes,,,5,,,2,0,0,3,1,3,2F,1,5,0,3,0,3,2F,1,0,0,3,1,3,2F,1,5,0,3,0,3,2F,1,0,0,3,1,3,2F,1,5,0,3,0,3,2F,1,0,0,3,1,3,2F,1,5,0,3,0,3,2F,1,0,0,3,1,3,2F,1,2,0,3,0,3,2F,0,1,0,3,0,3,2F,0,0,0,3,1,3,2F,1
,3,,3,Y,3,N,0,11,0,0,11,0,0,9,0,0,9,0,0,9,0,4,4,0,Yes,,,4,,,3,0,0,3,1,3,2F,1,5,0,3,0,3,2F,1,0,0,3,1,3,2F,1,5,0,3,0,3,2F,1,0,0,3,1,3,2F,1,5,0,3,0,3,2F,1,0,0,3,1,3,2F,1,5,0,3,0,3,2F,1,0,0,3,1,3,2F,1,2,0,3,0,3,2F,0,1,0,3,0,3,2F,0,0,0,3,1,3,2F,1
50,0,57,1,Y,1,N,0,11,0,0,11,0,0,9,0,0,9,0,0,9,0,4,4,0,Yes,,,3,,,4,0,0,3,1,3,2F,1,5,0,3,0,3,2F,1,0,0,3,1,3,2F,1,5,0,3,0,3,2F,1,0,0,3,1,3,2F,1,5,0,3,0,3,2F,1,0,0,3,1,3,2F,1,5,0,3,0,3,2F,1,0,0,3,1,3,2F,1,2,0,3,0,3,2F,0,1,0,3,0,3,2F,0,0,0,3,1,3,2F,1
,1,,0,Y,0,N,0,11,0,0,11,0,0,9,0,0,9,0,0,9,0,4,4,0,Yes,,,2,,,5,0,0,3,1,3,2F,1,5,0,3,0,3,2F,1,0,0,3,1,3,2F,1,5,0,3,0,3,2F,1,0,0,3,1,3,2F,1,5,0,3,0,3,2F,1,0,0,3,1,3,2F,1,5,0,3,0,3,2F,1,0,0,3,1,3,2F,1,2,0,3,0,3,2F,0,1,0,3,0,3,2F,0,0,0,3,1,3,2F,1
,2,,2,Y,2,Y,0,11,0,0,11,0,0,9,0,0,9,0,0,9,0,4,4,0,Yes,,,1,,,6,0,0,3,1,3,2F,1,5,0,3,0,3,2F,1,0,0,3,1,3,2F,1,5,0,3,0,3,2F,1,0,0,3,1,3,2F,1,5,0,3,0,3,2F,1,0,0,3,1,3,2F,1,5,0,3,0,3,2F,1,0,0,3,1,3,2F,1,2,0,3,0,3,2F,0,1,0,3,0,3,2F,0,0,0,3,1,3,2F,1
,3,,3,N,3,N,0,11,0,0,11,0,0,9,0,0,9,0,0,9,0,4,4,0,Yes,,,0,,,7,0,0,3,1,3,2F,1,5,0,3,0,3,2F,1,0,0,3,1,3,2F,1,5,0,3,0,3,2F,1,0,0,3,1,3,2F,1,5,0,3,0,3,2F,1,0,0,3,1,3,2F,1,5,0,3,0,3,2F,1,0,0,3,1,3,2F,1,2,0,3,0,3,2F,0,1,0,3,0,3,2F,0,0,0,3,1,3,2F,1
51,0,58,0,Y,0,N,0,11,0,0,11,0,0,9,0,0,9,0,0,9,0,4,4,0,Yes,18,48,7,19,4E,0,0,0,3,1,3,2F,1,5,0,3,0,3,2F,1,0,0,3,1,3,2F,1,5,0,3,0,3,2F,1,0,0,3,1,3,2F,1,5,0,3,0,3,2F,1,0,0,3,1,3,2F,1,5,0,3,0,3,2F,1,0,0,3,1,3,2F,1,2,0,3,0,3,2F,0,1,0,3,0,3,2F,0,0,0,3,1,3,2F,1
,1,,1,Y,1,N,0,11,0,0,11,0,0,9,0,0,9,0,0,9,0,4,4,0,Yes,,,6,,,1,0,0,3,1,3,2F,1,5,0,3,0,3,2F,1,0,0,3,1,3,2F,1,5,0,3,0,3,2F,1,0,0,3,1,3,2F,1,5,0,3,0,3,2F,1,0,0,3,1,3,2F,1,5,0,3,0,3,2F,1,0,0,3,1,3,2F,1,2,0,3,0,3,2F,0,1,0,3,0,3,2F,0,0,0,3,1,3,2F,1
,2,,2,Y,2,N,0,11,0,0,11,0,0,9,0,0,9,0,0,9,0,4,4,0,Yes,,,5,,,3,0,0,3,1,3,2F,1,5,0,3,0,3,2F,1,0,0,3,1,3,2F,1,5,0,3,0,3,2F,1,0,0,3,1,3,2F,1,5,0,3,0,3,2F,1,0,0,3,1,3,2F,1,5,0,3,0,3,2F,1,0,0,3,1,3,2F,1,2,0,3,0,3,2F,0,1,0,3,0,3,2F,0,0,0,3,1,3,2F,1
,3,,3,Y,3,N,0,11,0,0,11,0,0,9,0,0,9,0,0,9,0,4,4,0,Yes,,,4,,,2,0,0,3,1,3,2F,1,5,0,3,0,3,2F,1,0,0,3,1,3,2F,1,5,0,3,0,3,2F,1,0,0,3,1,3,2F,1,5,0,3,0,3,2F,1,0,0,3,1,3,2F,1,5,0,3,0,3,2F,1,0,0,3,1,3,2F,1,2,0,3,0,3,2F,0,1,0,3,0,3,2F,0,0,0,3,1,3,2F,1
52,0,59,0,Y,0,N,0,11,0,0,11,0,0,9,0,0,9,0,0,9,0,4,4,0,Yes,,,3,,,4,0,0,3,1,3,2F,1,5,0,3,0,3,2F,1,0,0,3,1,3,2F,1,5,0,3,0,3,2F,1,0,0,3,1,3,2F,1,5,0,3,0,3,2F,1,0,0,3,1,3,2F,1,5,0,3,0,3,2F,1,0,0,3,1,3,2F,1,2,0,3,0,3,2F,0,1,0,3,0,3,2F,0,0,0,3,1,3,2F,1
,1,,1,Y,1,N,0,11,0,0,11,0,0,9,0,0,9,0,0,9,0,4,4,0,Yes,,,2,,,5,0,0,3,1,3,2F,1,5,0,3,0,3,2F,1,0,0,3,1,3,2F,1,5,0,3,0,3,2F,1,0,0,3,1,3,2F,1,5,0,3,0,3,2F,1,0,0,3,1,3,2F,1,5,0,3,0,3,2F,1,0,0,3,1,3,2F,1,2,0,3,0,3,2F,0,1,0,3,0,3,2F,0,0,0,3,1,3,2F,1
,2,,2,Y,2,Y,0,11,0,0,11,0,0,9,0,0,9,0,0,9,0,4,4,0,Yes,,,1,,,6,0,0,3,1,3,2F,1,5,0,3,0,3,2F,1,0,0,3,1,3,2F,1,5,0,3,0,3,2F,1,0,0,3,1,3,2F,1,5,0,3,0,3,2F,1,0,0,3,1,3,2F,1,5,0,3,0,3,2F,1,0,0,3,1,3,2F,1,2,0,3,0,3,2F,0,1,0,3,0,3,2F,0,0,0,3,1,3,2F,1
,3,,3,N,3,N,0,11,0,0,11,0,0,9,0,0,9,0,0,9,0,4,4,0,Yes,,,0,,,7,0,0,3,1,3,2F,1,5,0,3,0,3,2F,1,0,0,3,1,3,2F,1,5,0,3,0,3,2F,1,0,0,3,1,3,2F,1,5,0,3,0,3,2F,1,0,0,3,1,3,2F,1,5,0,3,0,3,2F,1,0,0,3,1,3,2F,1,2,0,3,0,3,2F,0,1,0,3,0,3,2F,0,0,0,3,1,3,2F,1
53,0,60,0,N,0,N,0,6,0,0,6,0,0,6,0,0,6,0,0,6,0,0,3,12,No,,,,,,,,,,,,,,,,,,,,,,,,,,,,,,,,,,,,,,,,,,,,,,,,,,,,,,,,,,,,,,,,,,,,,,,,,,,,,,,,,,,,,,,,,,
,1,,1,N,1,N,0,6,0,0,6,0,0,6,0,0,6,0,0,6,0,0,3,12,No,,,,,,,,,,,,,,,,,,,,,,,,,,,,,,,,,,,,,,,,,,,,,,,,,,,,,,,,,,,,,,,,,,,,,,,,,,,,,,,,,,,,,,,,,,
,2,,2,N,2,Y,0,6,0,0,6,0,0,6,0,0,6,0,0,6,0,0,3,12,No,,,,,,,,,,,,,,,,,,,,,,,,,,,,,,,,,,,,,,,,,,,,,,,,,,,,,,,,,,,,,,,,,,,,,,,,,,,,,,,,,,,,,,,,,,
,3,,3,N,3,Y,0,6,0,0,6,0,0,6,0,0,6,0,0,6,0,0,3,12,No,,,,,,,,,,,,,,,,,,,,,,,,,,,,,,,,,,,,,,,,,,,,,,,,,,,,,,,,,,,,,,,,,,,,,,,,,,,,,,,,,,,,,,,,,,
54,0,61,0,N,0,Y,0,6,0,0,6,0,0,6,0,0,6,0,0,6,0,0,3,12,No,,,,,,,,,,,,,,,,,,,,,,,,,,,,,,,,,,,,,,,,,,,,,,,,,,,,,,,,,,,,,,,,,,,,,,,,,,,,,,,,,,,,,,,,,,
,1,,1,N,1,Y,0,6,0,0,6,0,0,6,0,0,6,0,0,6,0,0,3,12,No,,,,,,,,,,,,,,,,,,,,,,,,,,,,,,,,,,,,,,,,,,,,,,,,,,,,,,,,,,,,,,,,,,,,,,,,,,,,,,,,,,,,,,,,,,
,2,,2,N,2,N,0,6,0,0,6,0,0,6,0,0,6,0,0,6,0,0,3,12,No,,,,,,,,,,,,,,,,,,,,,,,,,,,,,,,,,,,,,,,,,,,,,,,,,,,,,,,,,,,,,,,,,,,,,,,,,,,,,,,,,,,,,,,,,,
,3,,3,N,3,N,0,6,0,0,6,0,0,6,0,0,6,0,0,6,0,0,3,12,No,,,,,,,,,,,,,,,,,,,,,,,,,,,,,,,,,,,,,,,,,,,,,,,,,,,,,,,,,,,,,,,,,,,,,,,,,,,,,,,,,,,,,,,,,,
55,0,62,0,N,0,N,0,6,0,0,6,0,0,6,0,0,6,0,0,6,0,0,3,12,No,,,,,,,,,,,,,,,,,,,,,,,,,,,,,,,,,,,,,,,,,,,,,,,,,,,,,,,,,,,,,,,,,,,,,,,,,,,,,,,,,,,,,,,,,,
,1,,1,N,1,Y,0,6,0,0,6,0,0,6,0,0,6,0,0,6,0,0,3,12,No,,,,,,,,,,,,,,,,,,,,,,,,,,,,,,,,,,,,,,,,,,,,,,,,,,,,,,,,,,,,,,,,,,,,,,,,,,,,,,,,,,,,,,,,,,
,2,,2,N,2,Y,0,6,0,0,6,0,0,6,0,0,6,0,0,6,0,0,3,12,No,,,,,,,,,,,,,,,,,,,,,,,,,,,,,,,,,,,,,,,,,,,,,,,,,,,,,,,,,,,,,,,,,,,,,,,,,,,,,,,,,,,,,,,,,,
,3,,3,N,3,Y,0,6,0,0,6,0,0,6,0,0,6,0,0,6,0,0,3,12,No,,,,,,,,,,,,,,,,,,,,,,,,,,,,,,,,,,,,,,,,,,,,,,,,,,,,,,,,,,,,,,,,,,,,,,,,,,,,,,,,,,,,,,,,,,
56,0,63,0,N,0,Y,0,6,0,0,6,0,0,6,0,0,6,0,0,6,0,0,3,12,No,,,,,,,,,,,,,,,,,,,,,,,,,,,,,,,,,,,,,,,,,,,,,,,,,,,,,,,,,,,,,,,,,,,,,,,,,,,,,,,,,,,,,,,,,,
,1,,1,N,1,Y,0,6,0,0,6,0,0,6,0,0,6,0,0,6,0,0,3,12,No,,,,,,,,,,,,,,,,,,,,,,,,,,,,,,,,,,,,,,,,,,,,,,,,,,,,,,,,,,,,,,,,,,,,,,,,,,,,,,,,,,,,,,,,,,
,2,,2,N,2,N,0,6,0,0,6,0,0,6,0,0,6,0,0,6,0,0,3,12,No,,,,,,,,,,,,,,,,,,,,,,,,,,,,,,,,,,,,,,,,,,,,,,,,,,,,,,,,,,,,,,,,,,,,,,,,,,,,,,,,,,,,,,,,,,
,3,,3,N,3,N,0,6,0,0,6,0,0,6,0,0,6,0,0,6,0,0,3,12,No,,,,,,,,,,,,,,,,,,,,,,,,,,,,,,,,,,,,,,,,,,,,,,,,,,,,,,,,,,,,,,,,,,,,,,,,,,,,,,,,,,,,,,,,,,
57,0,48,2,Y,2,N,0,11,0,0,11,0,0,9,0,0,9,0,0,9,0,4,4,0,Yes,24,30,5,25,36,2,0,0,3,1,3,2F,1,5,0,3,0,3,2F,1,0,0,3,1,3,2F,1,5,0,3,0,3,2F,1,0,0,3,1,3,2F,1,5,0,3,0,3,2F,1,0,0,3,1,3,2F,1,5,0,3,0,3,2F,1,0,0,3,1,3,2F,1,2,0,3,0,3,2F,0,1,0,3,0,3,2F,0,0,0,3,1,3,2F,1
,1,,3,Y,3,N,0,11,0,0,11,0,0,9,0,0,9,0,0,9,0,4,4,0,Yes,,,4,,36,3,0,0,3,1,3,2F,1,5,0,3,0,3,2F,1,0,0,3,1,3,2F,1,5,0,3,0,3,2F,1,0,0,3,1,3,2F,1,5,0,3,0,3,2F,1,0,0,3,1,3,2F,1,5,0,3,0,3,2F,1,0,0,3,1,3,2F,1,2,0,3,0,3,2F,0,1,0,3,0,3,2F,0,0,0,3,1,3,2F,1
,2,,1,N,1,N,0,11,0,0,11,0,0,9,0,0,9,0,0,9,0,4,4,0,Yes,,,7,,36,1,0,0,3,1,3,2F,1,5,0,3,0,3,2F,1,0,0,3,1,3,2F,1,5,0,3,0,3,2F,1,0,0,3,1,3,2F,1,5,0,3,0,3,2F,1,0,0,3,1,3,2F,1,5,0,3,0,3,2F,1,0,0,3,1,3,2F,1,2,0,3,0,3,2F,0,1,0,3,0,3,2F,0,0,0,3,1,3,2F,1
,3,,0,Y,0,N,0,11,0,0,11,0,0,9,0,0,9,0,0,9,0,4,4,0,Yes,,,6,,36,0,0,0,3,1,3,2F,1,5,0,3,0,3,2F,1,0,0,3,1,3,2F,1,5,0,3,0,3,2F,1,0,0,3,1,3,2F,1,5,0,3,0,3,2F,1,0,0,3,1,3,2F,1,5,0,3,0,3,2F,1,0,0,3,1,3,2F,1,2,0,3,0,3,2F,0,1,0,3,0,3,2F,0,0,0,3,1,3,2F,1
58,0,49,2,N,2,N,0,11,0,0,11,0,0,9,0,0,9,0,0,9,0,4,4,0,Yes,,,1,,36,7,0,0,3,1,3,2F,1,5,0,3,0,3,2F,1,0,0,3,1,3,2F,1,5,0,3,0,3,2F,1,0,0,3,1,3,2F,1,5,0,3,0,3,2F,1,0,0,3,1,3,2F,1,5,0,3,0,3,2F,1,0,0,3,1,3,2F,1,2,0,3,0,3,2F,0,1,0,3,0,3,2F,0,0,0,3,1,3,2F,1
,1,,3,N,3,N,0,11,0,0,11,0,0,9,0,0,9,0,0,9,0,4,4,0,Yes,,,0,,36,6,0,0,3,1,3,2F,1,5,0,3,0,3,2F,1,0,0,3,1,3,2F,1,5,0,3,0,3,2F,1,0,0,3,1,3,2F,1,5,0,3,0,3,2F,1,0,0,3,1,3,2F,1,5,0,3,0,3,2F,1,0,0,3,1,3,2F,1,2,0,3,0,3,2F,0,1,0,3,0,3,2F,0,0,0,3,1,3,2F,1
,2,,0,Y,0,N,0,11,0,0,11,0,0,9,0,0,9,0,0,9,0,4,4,0,Yes,,,3,,36,4,0,0,3,1,3,2F,1,5,0,3,0,3,2F,1,0,0,3,1,3,2F,1,5,0,3,0,3,2F,1,0,0,3,1,3,2F,1,5,0,3,0,3,2F,1,0,0,3,1,3,2F,1,5,0,3,0,3,2F,1,0,0,3,1,3,2F,1,2,0,3,0,3,2F,0,1,0,3,0,3,2F,0,0,0,3,1,3,2F,1
,3,,1,Y,1,N,0,11,0,0,11,0,0,9,0,0,9,0,0,9,0,4,4,0,Yes,,,2,,36,5,0,0,3,1,3,2F,1,5,0,3,0,3,2F,1,0,0,3,1,3,2F,1,5,0,3,0,3,2F,1,0,0,3,1,3,2F,1,5,0,3,0,3,2F,1,0,0,3,1,3,2F,1,5,0,3,0,3,2F,1,0,0,3,1,3,2F,1,2,0,3,0,3,2F,0,1,0,3,0,3,2F,0,0,0,3,1,3,2F,1
59,0,50,2,Y,2,N,0,11,0,0,11,0,0,9,0,0,9,0,0,9,0,4,4,0,Yes,26,48,5,27,4E,0,0,0,3,1,3,2F,1,5,0,3,0,3,2F,1,0,0,3,1,3,2F,1,5,0,3,0,3,2F,1,0,0,3,1,3,2F,1,5,0,3,0,3,2F,1,0,0,3,1,3,2F,1,5,0,3,0,3,2F,1,0,0,3,1,3,2F,1,2,0,3,0,3,2F,0,1,0,3,0,3,2F,0,0,0,3,1,3,2F,1
,1,,3,Y,3,N,0,11,0,0,11,0,0,9,0,0,9,0,0,9,0,4,4,0,Yes,,,4,,4E,2,0,0,3,1,3,2F,1,5,0,3,0,3,2F,1,0,0,3,1,3,2F,1,5,0,3,0,3,2F,1,0,0,3,1,3,2F,1,5,0,3,0,3,2F,1,0,0,3,1,3,2F,1,5,0,3,0,3,2F,1,0,0,3,1,3,2F,1,2,0,3,0,3,2F,0,1,0,3,0,3,2F,0,0,0,3,1,3,2F,1
,2,,0,N,0,N,0,11,0,0,11,0,0,9,0,0,9,0,0,9,0,4,4,0,Yes,,,7,,4E,1,0,0,3,1,3,2F,1,5,0,3,0,3,2F,1,0,0,3,1,3,2F,1,5,0,3,0,3,2F,1,0,0,3,1,3,2F,1,5,0,3,0,3,2F,1,0,0,3,1,3,2F,1,5,0,3,0,3,2F,1,0,0,3,1,3,2F,1,2,0,3,0,3,2F,0,1,0,3,0,3,2F,0,0,0,3,1,3,2F,1
,3,,1,Y,1,N,0,11,0,0,11,0,0,9,0,0,9,0,0,9,0,4,4,0,Yes,,,6,,4E,3,0,0,3,1,3,2F,1,5,0,3,0,3,2F,1,0,0,3,1,3,2F,1,5,0,3,0,3,2F,1,0,0,3,1,3,2F,1,5,0,3,0,3,2F,1,0,0,3,1,3,2F,1,5,0,3,0,3,2F,1,0,0,3,1,3,2F,1,2,0,3,0,3,2F,0,1,0,3,0,3,2F,0,0,0,3,1,3,2F,1
60,0,51,2,N,2,N,0,11,0,0,11,0,0,9,0,0,9,0,0,9,0,4,4,0,Yes,,,1,,4E,6,0,0,3,1,3,2F,1,5,0,3,0,3,2F,1,0,0,3,1,3,2F,1,5,0,3,0,3,2F,1,0,0,3,1,3,2F,1,5,0,3,0,3,2F,1,0,0,3,1,3,2F,1,5,0,3,0,3,2F,1,0,0,3,1,3,2F,1,2,0,3,0,3,2F,0,1,0,3,0,3,2F,0,0,0,3,1,3,2F,1
,1,,3,N,3,N,0,11,0,0,11,0,0,9,0,0,9,0,0,9,0,4,4,0,Yes,,,0,,4E,7,0,0,3,1,3,2F,1,5,0,3,0,3,2F,1,0,0,3,1,3,2F,1,5,0,3,0,3,2F,1,0,0,3,1,3,2F,1,5,0,3,0,3,2F,1,0,0,3,1,3,2F,1,5,0,3,0,3,2F,1,0,0,3,1,3,2F,1,2,0,3,0,3,2F,0,1,0,3,0,3,2F,0,0,0,3,1,3,2F,1
,2,,0,Y,0,N,0,11,0,0,11,0,0,9,0,0,9,0,0,9,0,4,4,0,Yes,,,3,,4E,5,0,0,3,1,3,2F,1,5,0,3,0,3,2F,1,0,0,3,1,3,2F,1,5,0,3,0,3,2F,1,0,0,3,1,3,2F,1,5,0,3,0,3,2F,1,0,0,3,1,3,2F,1,5,0,3,0,3,2F,1,0,0,3,1,3,2F,1,2,0,3,0,3,2F,0,1,0,3,0,3,2F,0,0,0,3,1,3,2F,1
,3,,1,Y,1,N,0,11,0,0,11,0,0,9,0,0,9,0,0,9,0,4,4,0,Yes,,,2,,4E,4,0,0,3,1,3,2F,1,5,0,3,0,3,2F,1,0,0,3,1,3,2F,1,5,0,3,0,3,2F,1,0,0,3,1,3,2F,1,5,0,3,0,3,2F,1,0,0,3,1,3,2F,1,5,0,3,0,3,2F,1,0,0,3,1,3,2F,1,2,0,3,0,3,2F,0,1,0,3,0,3,2F,0,0,0,3,1,3,2F,1
61,0,52,2,Y,2,N,0,11,0,0,11,0,0,9,0,0,9,0,0,9,0,4,4,0,Yes,28,30,5,29,36,3,0,0,3,1,3,2F,1,5,0,3,0,3,2F,1,0,0,3,1,3,2F,1,5,0,3,0,3,2F,1,0,0,3,1,3,2F,1,5,0,3,0,3,2F,1,0,0,3,1,3,2F,1,5,0,3,0,3,2F,1,0,0,3,1,3,2F,1,2,0,3,0,3,2F,0,1,0,3,0,3,2F,0,0,0,3,1,3,2F,1
,1,,3,Y,3,N,0,11,0,0,11,0,0,9,0,0,9,0,0,9,0,4,4,0,Yes,,,4,,36,2,0,0,3,1,3,2F,1,5,0,3,0,3,2F,1,0,0,3,1,3,2F,1,5,0,3,0,3,2F,1,0,0,3,1,3,2F,1,5,0,3,0,3,2F,1,0,0,3,1,3,2F,1,5,0,3,0,3,2F,1,0,0,3,1,3,2F,1,2,0,3,0,3,2F,0,1,0,3,0,3,2F,0,0,0,3,1,3,2F,1
,2,,0,N,0,Y,0,11,0,0,11,0,0,9,0,0,9,0,0,9,0,4,4,0,Yes,,,7,,36,0,0,0,3,1,3,2F,1,5,0,3,0,3,2F,1,0,0,3,1,3,2F,1,5,0,3,0,3,2F,1,0,0,3,1,3,2F,1,5,0,3,0,3,2F,1,0,0,3,1,3,2F,1,5,0,3,0,3,2F,1,0,0,3,1,3,2F,1,2,0,3,0,3,2F,0,1,0,3,0,3,2F,0,0,0,3,1,3,2F,1
,3,,1,Y,1,N,0,11,0,0,11,0,0,9,0,0,9,0,0,9,0,4,4,0,Yes,,,6,,36,1,0,0,3,1,3,2F,1,5,0,3,0,3,2F,1,0,0,3,1,3,2F,1,5,0,3,0,3,2F,1,0,0,3,1,3,2F,1,5,0,3,0,3,2F,1,0,0,3,1,3,2F,1,5,0,3,0,3,2F,1,0,0,3,1,3,2F,1,2,0,3,0,3,2F,0,1,0,3,0,3,2F,0,0,0,3,1,3,2F,1
62,0,53,3,N,3,N,0,11,0,0,11,0,0,9,0,0,9,0,0,9,0,4,4,0,Yes,,,1,,36,6,0,0,3,1,3,2F,1,5,0,3,0,3,2F,1,0,0,3,1,3,2F,1,5,0,3,0,3,2F,1,0,0,3,1,3,2F,1,5,0,3,0,3,2F,1,0,0,3,1,3,2F,1,5,0,3,0,3,2F,1,0,0,3,1,3,2F,1,2,0,3,0,3,2F,0,1,0,3,0,3,2F,0,0,0,3,1,3,2F,1
,1,,2,N,2,N,0,11,0,0,11,0,0,9,0,0,9,0,0,9,0,4,4,0,Yes,,,0,,36,4,0,0,3,1,3,2F,1,5,0,3,0,3,2F,1,0,0,3,1,3,2F,1,5,0,3,0,3,2F,1,0,0,3,1,3,2F,1,5,0,3,0,3,2F,1,0,0,3,1,3,2F,1,5,0,3,0,3,2F,1,0,0,3,1,3,2F,1,2,0,3,0,3,2F,0,1,0,3,0,3,2F,0,0,0,3,1,3,2F,1
,2,,0,Y,0,N,0,11,0,0,11,0,0,9,0,0,9,0,0,9,0,4,4,0,Yes,,,3,,36,5,0,0,3,1,3,2F,1,5,0,3,0,3,2F,1,0,0,3,1,3,2F,1,5,0,3,0,3,2F,1,0,0,3,1,3,2F,1,5,0,3,0,3,2F,1,0,0,3,1,3,2F,1,5,0,3,0,3,2F,1,0,0,3,1,3,2F,1,2,0,3,0,3,2F,0,1,0,3,0,3,2F,0,0,0,3,1,3,2F,1
,3,,1,Y,1,Y,0,11,0,0,11,0,0,9,0,0,9,0,0,9,0,4,4,0,Yes,,,2,,36,7,0,0,3,1,3,2F,1,5,0,3,0,3,2F,1,0,0,3,1,3,2F,1,5,0,3,0,3,2F,1,0,0,3,1,3,2F,1,5,0,3,0,3,2F,1,0,0,3,1,3,2F,1,5,0,3,0,3,2F,1,0,0,3,1,3,2F,1,2,0,3,0,3,2F,0,1,0,3,0,3,2F,0,0,0,3,1,3,2F,1
63,0,54,3,Y,3,N,0,11,0,0,11,0,0,9,0,0,9,0,0,9,0,4,4,0,Yes,30,48,5,31,4E,3,0,0,3,1,3,2F,1,5,0,3,0,3,2F,1,0,0,3,1,3,2F,1,5,0,3,0,3,2F,1,0,0,3,1,3,2F,1,5,0,3,0,3,2F,1,0,0,3,1,3,2F,1,5,0,3,0,3,2F,1,0,0,3,1,3,2F,1,2,0,3,0,3,2F,0,1,0,3,0,3,2F,0,0,0,3,1,3,2F,1
,1,,2,Y,2,N,0,11,0,0,11,0,0,9,0,0,9,0,0,9,0,4,4,0,Yes,,,4,,4E,2,0,0,3,1,3,2F,1,5,0,3,0,3,2F,1,0,0,3,1,3,2F,1,5,0,3,0,3,2F,1,0,0,3,1,3,2F,1,5,0,3,0,3,2F,1,0,0,3,1,3,2F,1,5,0,3,0,3,2F,1,0,0,3,1,3,2F,1,2,0,3,0,3,2F,0,1,0,3,0,3,2F,0,0,0,3,1,3,2F,1
,2,,1,N,1,N,0,11,0,0,11,0,0,9,0,0,9,0,0,9,0,4,4,0,Yes,,,7,,4E,0,0,0,3,1,3,2F,1,5,0,3,0,3,2F,1,0,0,3,1,3,2F,1,5,0,3,0,3,2F,1,0,0,3,1,3,2F,1,5,0,3,0,3,2F,1,0,0,3,1,3,2F,1,5,0,3,0,3,2F,1,0,0,3,1,3,2F,1,2,0,3,0,3,2F,0,1,0,3,0,3,2F,0,0,0,3,1,3,2F,1
,3,,0,Y,0,N,0,11,0,0,11,0,0,9,0,0,9,0,0,9,0,4,4,0,Yes,,,6,,4E,1,0,0,3,1,3,2F,1,5,0,3,0,3,2F,1,0,0,3,1,3,2F,1,5,0,3,0,3,2F,1,0,0,3,1,3,2F,1,5,0,3,0,3,2F,1,0,0,3,1,3,2F,1,5,0,3,0,3,2F,1,0,0,3,1,3,2F,1,2,0,3,0,3,2F,0,1,0,3,0,3,2F,0,0,0,3,1,3,2F,1
64,0,55,3,N,3,Y,0,11,0,0,11,0,0,9,0,0,9,0,0,9,0,4,4,0,Yes,,,1,,4E,7,0,0,3,1,3,2F,1,5,0,3,0,3,2F,1,0,0,3,1,3,2F,1,5,0,3,0,3,2F,1,0,0,3,1,3,2F,1,5,0,3,0,3,2F,1,0,0,3,1,3,2F,1,5,0,3,0,3,2F,1,0,0,3,1,3,2F,1,2,0,3,0,3,2F,0,1,0,3,0,3,2F,0,0,0,3,1,3,2F,1
,1,,2,N,2,N,0,11,0,0,11,0,0,9,0,0,9,0,0,9,0,4,4,0,Yes,,,0,,4E,5,0,0,3,1,3,2F,1,5,0,3,0,3,2F,1,0,0,3,1,3,2F,1,5,0,3,0,3,2F,1,0,0,3,1,3,2F,1,5,0,3,0,3,2F,1,0,0,3,1,3,2F,1,5,0,3,0,3,2F,1,0,0,3,1,3,2F,1,2,0,3,0,3,2F,0,1,0,3,0,3,2F,0,0,0,3,1,3,2F,1
,2,,1,Y,1,N,0,11,0,0,11,0,0,9,0,0,9,0,0,9,0,4,4,0,Yes,,,3,,4E,4,0,0,3,1,3,2F,1,5,0,3,0,3,2F,1,0,0,3,1,3,2F,1,5,0,3,0,3,2F,1,0,0,3,1,3,2F,1,5,0,3,0,3,2F,1,0,0,3,1,3,2F,1,5,0,3,0,3,2F,1,0,0,3,1,3,2F,1,2,0,3,0,3,2F,0,1,0,3,0,3,2F,0,0,0,3,1,3,2F,1
,3,,0,Y,0,Y,0,11,0,0,11,0,0,9,0,0,9,0,0,9,0,4,4,0,Yes,,,2,,4E,6,0,0,3,1,3,2F,1,5,0,3,0,3,2F,1,0,0,3,1,3,2F,1,5,0,3,0,3,2F,1,0,0,3,1,3,2F,1,5,0,3,0,3,2F,1,0,0,3,1,3,2F,1,5,0,3,0,3,2F,1,0,0,3,1,3,2F,1,2,0,3,0,3,2F,0,1,0,3,0,3,2F,0,0,0,3,1,3,2F,1
65,0,64,2,N,2,N,0,6,0,0,6,0,0,6,0,0,6,0,0,6,0,0,3,16,No,,,,,,,,,,,,,,,,,,,,,,,,,,,,,,,,,,,,,,,,,,,,,,,,,,,,,,,,,,,,,,,,,,,,,,,,,,,,,,,,,,,,,,,,,,
,1,,3,N,3,N,0,6,0,0,6,0,0,6,0,0,6,0,0,6,0,0,3,16,No,,,,,,,,,,,,,,,,,,,,,,,,,,,,,,,,,,,,,,,,,,,,,,,,,,,,,,,,,,,,,,,,,,,,,,,,,,,,,,,,,,,,,,,,,,
,2,,1,N,1,N,0,6,0,0,6,0,0,6,0,0,6,0,0,6,0,0,3,16,No,,,,,,,,,,,,,,,,,,,,,,,,,,,,,,,,,,,,,,,,,,,,,,,,,,,,,,,,,,,,,,,,,,,,,,,,,,,,,,,,,,,,,,,,,,
,3,,0,N,0,N,0,6,0,0,6,0,0,6,0,0,6,0,0,6,0,0,3,16,No,,,,,,,,,,,,,,,,,,,,,,,,,,,,,,,,,,,,,,,,,,,,,,,,,,,,,,,,,,,,,,,,,,,,,,,,,,,,,,,,,,,,,,,,,,
